; ==========================================================
; Рукописный текст пером. Сгенерировано hw (text -> gcode).
; demo.gcode
; Станок: Ender 3 Neo, стол 220x220 мм
; Перо: Z письма 0.00, Z подъёма 2.00, подача 1800 мм/мин
; ВНИМАНИЕ: нагрева нет и не должно быть. Сопло холодное.
; ==========================================================
G21          ; миллиметры
G90          ; абсолютные координаты
M107         ; вентилятор выключен
G28 X Y      ; парковка только X и Y, Z не трогаем
G92 Z2.000    ; текущая высота пера объявлена как Z подъёма
; текст
G0 X21.115 Y198.986 F4500
G0 Z0.000 F900
G1 X21.642 Y199.727 F1800
G1 X22.540 Y200.053 F1800
G1 X23.485 Y199.947 F1800
G1 X24.145 Y199.409 F1800
G1 X24.246 Y198.560 F1800
G1 X23.628 Y197.934 F1800
G1 X22.789 Y197.619 F1800
G1 X22.134 Y197.582 F1800
G0 Z0.400 F900
G0 X22.443 Y197.610 F4500
G0 Z0.000 F900
G1 X23.358 Y197.515 F1800
G1 X24.107 Y196.929 F1800
G1 X24.155 Y195.997 F1800
G1 X23.648 Y195.229 F1800
G1 X22.930 Y194.693 F1800
G1 X22.031 Y194.586 F1800
G1 X21.120 Y194.653 F1800
G1 X20.424 Y195.252 F1800
G1 X20.348 Y195.725 F1800
G0 Z2.000 F900
G0 X25.236 Y194.664 F4500
G0 Z0.000 F900
G1 X26.174 Y194.640 F1800
G1 X27.121 Y194.624 F1800
G1 X28.021 Y194.604 F1800
G1 X28.720 Y194.688 F1800
G0 Z0.400 F900
G0 X28.104 Y194.636 F4500
G0 Z0.000 F900
G1 X28.217 Y195.548 F1800
G1 X28.332 Y196.461 F1800
G1 X28.405 Y197.377 F1800
G1 X28.191 Y198.048 F1800
G1 X27.304 Y198.049 F1800
G1 X26.407 Y198.109 F1800
G1 X26.220 Y197.206 F1800
G1 X26.072 Y196.316 F1800
G1 X25.758 Y195.451 F1800
G1 X25.251 Y194.684 F1800
G0 Z0.400 F900
G0 X25.524 Y194.681 F4500
G0 Z0.000 F900
G1 X25.453 Y193.768 F1800
G1 X25.445 Y193.528 F1800
G0 Z2.000 F900
G0 X28.448 Y194.633 F4500
G0 Z0.000 F900
G1 X28.377 Y193.721 F1800
G1 X28.369 Y193.481 F1800
G0 Z2.000 F900
G0 X30.328 Y198.313 F4500
G0 Z0.000 F900
G1 X30.252 Y197.399 F1800
G1 X30.094 Y196.487 F1800
G1 X30.140 Y195.567 F1800
G1 X30.141 Y194.650 F1800
G1 X30.089 Y193.735 F1800
G1 X30.035 Y193.291 F1800
G0 Z2.000 F900
G0 X30.260 Y197.394 F4500
G0 Z0.000 F900
G1 X30.834 Y198.079 F1800
G1 X31.671 Y198.267 F1800
G1 X32.546 Y198.167 F1800
G1 X33.188 Y197.507 F1800
G1 X33.313 Y196.585 F1800
G1 X33.007 Y195.719 F1800
G1 X32.384 Y195.100 F1800
G1 X31.496 Y194.961 F1800
G1 X30.607 Y195.129 F1800
G1 X30.088 Y195.729 F1800
G0 Z2.000 F900
G0 X37.721 Y197.442 F4500
G0 Z0.000 F900
G1 X37.166 Y198.168 F1800
G1 X36.269 Y198.337 F1800
G1 X35.458 Y198.126 F1800
G1 X34.792 Y197.542 F1800
G1 X34.431 Y196.700 F1800
G1 X34.527 Y195.796 F1800
G1 X35.099 Y195.055 F1800
G1 X36.022 Y194.835 F1800
G1 X36.919 Y195.084 F1800
G1 X37.421 Y195.819 F1800
G0 Z2.000 F900
G0 X37.684 Y198.342 F4500
G0 Z0.000 F900
G1 X37.614 Y197.427 F1800
G1 X37.610 Y196.505 F1800
G1 X37.561 Y195.593 F1800
G1 X37.446 Y194.823 F1800
G0 Z2.000 F900
G0 X38.302 Y197.928 F4500
G0 Z0.000 F900
G1 X38.254 Y197.011 F1800
G1 X38.215 Y196.095 F1800
G1 X38.032 Y195.195 F1800
G1 X37.830 Y194.290 F1800
G1 X37.822 Y194.236 F1800
G0 Z2.000 F900
G0 X38.330 Y197.895 F4500
G0 Z0.000 F900
G1 X39.257 Y197.947 F1800
G1 X40.199 Y197.996 F1800
G1 X41.074 Y197.680 F1800
G1 X41.246 Y196.905 F1800
G1 X40.628 Y196.331 F1800
G1 X39.763 Y196.153 F1800
G1 X38.853 Y196.131 F1800
G1 X38.147 Y196.110 F1800
G0 Z0.400 F900
G0 X38.119 Y196.130 F4500
G0 Z0.000 F900
G1 X39.045 Y196.181 F1800
G1 X39.984 Y196.236 F1800
G1 X40.887 Y196.004 F1800
G1 X41.351 Y195.349 F1800
G1 X41.008 Y194.593 F1800
G1 X40.197 Y194.254 F1800
G1 X39.288 Y194.201 F1800
G1 X38.372 Y194.175 F1800
G1 X37.907 Y194.182 F1800
G0 Z2.000 F900
G0 X45.429 Y197.323 F4500
G0 Z0.000 F900
G1 X44.915 Y198.060 F1800
G1 X44.003 Y198.296 F1800
G1 X43.099 Y198.123 F1800
G1 X42.517 Y197.396 F1800
G1 X42.389 Y196.487 F1800
G1 X42.532 Y195.611 F1800
G1 X43.103 Y194.962 F1800
G1 X43.979 Y194.777 F1800
G1 X44.785 Y195.112 F1800
G1 X45.250 Y195.672 F1800
G0 Z2.000 F900
G0 X47.090 Y197.861 F4500
G0 Z0.000 F900
G1 X47.970 Y197.827 F1800
G1 X48.915 Y197.830 F1800
G1 X49.832 Y197.919 F1800
G1 X50.327 Y197.907 F1800
G0 Z0.400 F900
G0 X48.671 Y197.866 F4500
G0 Z0.000 F900
G1 X48.504 Y196.958 F1800
G1 X48.438 Y196.046 F1800
G1 X48.427 Y195.123 F1800
G1 X48.281 Y194.221 F1800
G0 Z2.000 F900
G0 X50.874 Y198.299 F4500
G0 Z0.000 F900
G1 X50.893 Y197.380 F1800
G1 X50.882 Y196.462 F1800
G1 X50.712 Y195.553 F1800
G1 X50.631 Y194.684 F1800
G0 Z2.000 F900
G0 X50.907 Y198.266 F4500
G0 Z0.000 F900
G1 X51.814 Y198.367 F1800
G1 X52.738 Y198.425 F1800
G1 X53.579 Y198.096 F1800
G1 X53.784 Y197.318 F1800
G1 X53.107 Y196.789 F1800
G1 X52.256 Y196.576 F1800
G1 X51.361 Y196.564 F1800
G1 X50.815 Y196.550 F1800
G0 Z0.400 F900
G0 X50.811 Y196.538 F4500
G0 Z0.000 F900
G1 X51.718 Y196.639 F1800
G1 X52.638 Y196.704 F1800
G1 X53.511 Y196.462 F1800
G1 X54.012 Y195.803 F1800
G1 X53.599 Y195.079 F1800
G1 X52.806 Y194.720 F1800
G1 X51.908 Y194.693 F1800
G1 X50.983 Y194.656 F1800
G1 X50.701 Y194.647 F1800
G0 Z2.000 F900
G0 X55.022 Y198.045 F4500
G0 Z0.000 F900
G1 X55.391 Y197.199 F1800
G1 X55.767 Y196.354 F1800
G1 X56.043 Y195.483 F1800
G1 X56.358 Y194.633 F1800
G1 X56.414 Y194.440 F1800
G0 Z2.000 F900
G0 X58.419 Y198.078 F4500
G0 Z0.000 F900
G1 X58.015 Y197.260 F1800
G1 X57.617 Y196.441 F1800
G1 X57.125 Y195.661 F1800
G1 X56.667 Y194.848 F1800
G1 X56.170 Y194.080 F1800
G1 X55.645 Y193.383 F1800
G1 X54.891 Y192.910 F1800
G1 X54.611 Y192.906 F1800
G0 Z2.000 F900
G0 X58.564 Y198.178 F4500
G0 Z0.000 F900
G1 X58.474 Y197.263 F1800
G1 X58.460 Y196.346 F1800
G1 X58.451 Y195.429 F1800
G1 X58.385 Y194.634 F1800
G1 X59.010 Y195.295 F1800
G1 X59.668 Y195.951 F1800
G1 X60.314 Y196.612 F1800
G1 X60.921 Y197.271 F1800
G1 X61.478 Y197.992 F1800
G1 X61.789 Y197.779 F1800
G1 X61.748 Y196.853 F1800
G1 X61.655 Y195.940 F1800
G1 X61.498 Y195.032 F1800
G1 X61.484 Y194.678 F1800
G0 Z2.000 F900
G0 X59.241 Y199.759 F4500
G0 Z0.000 F900
G1 X59.887 Y199.167 F1800
G1 X60.806 Y199.309 F1800
G1 X61.308 Y199.879 F1800
G0 Z2.000 F900
G0 X64.149 Y198.507 F4500
G0 Z0.000 F900
G1 X65.050 Y198.403 F1800
G1 X65.944 Y198.419 F1800
G1 X66.868 Y198.484 F1800
G1 X67.406 Y198.512 F1800
G0 Z0.400 F900
G0 X65.797 Y198.463 F4500
G0 Z0.000 F900
G1 X65.574 Y197.566 F1800
G1 X65.461 Y196.653 F1800
G1 X65.424 Y195.734 F1800
G1 X65.320 Y194.824 F1800
G1 X65.308 Y194.771 F1800
G0 Z0.400 F900
G0 X66.609 Y196.142 F4500
G0 Z0.000 F900
G1 X67.495 Y196.055 F1800
G1 X68.446 Y196.065 F1800
G1 X69.346 Y196.127 F1800
G1 X69.637 Y196.676 F1800
G1 X69.207 Y197.455 F1800
G1 X68.385 Y197.834 F1800
G1 X67.460 Y197.668 F1800
G1 X66.856 Y196.977 F1800
G1 X66.719 Y196.092 F1800
G1 X66.705 Y195.199 F1800
G1 X67.251 Y194.491 F1800
G1 X68.139 Y194.295 F1800
G1 X69.013 Y194.565 F1800
G1 X69.463 Y195.128 F1800
G0 Z2.000 F900
G0 X73.020 Y200.788 F4500
G0 Z0.000 F900
G1 X72.820 Y199.886 F1800
G1 X72.766 Y198.971 F1800
G1 X72.744 Y198.052 F1800
G1 X72.677 Y197.141 F1800
G1 X72.649 Y196.663 F1800
G0 Z0.400 F900
G0 X72.728 Y195.249 F4500
G0 Z0.000 F900
G1 X72.242 Y195.157 F1800
G1 X72.732 Y195.253 F1800
G0 Z2.000 F900
G0 X20.919 Y178.213 F4500
G0 Z0.000 F900
G1 X21.560 Y178.840 F1800
G1 X22.373 Y179.260 F1800
G1 X23.328 Y179.332 F1800
G1 X24.103 Y178.781 F1800
G1 X24.427 Y177.954 F1800
G1 X24.491 Y177.056 F1800
G1 X24.448 Y176.145 F1800
G1 X24.226 Y175.253 F1800
G1 X23.748 Y174.468 F1800
G1 X23.103 Y173.846 F1800
G1 X22.198 Y173.665 F1800
G1 X21.292 Y173.848 F1800
G1 X20.574 Y174.380 F1800
G1 X20.385 Y174.721 F1800
G0 Z2.000 F900
G0 X21.832 Y176.409 F4500
G0 Z0.000 F900
G1 X22.744 Y176.400 F1800
G1 X23.667 Y176.483 F1800
G1 X24.257 Y176.533 F1800
G0 Z0.400 F900
G0 X25.097 Y176.897 F4500
G0 Z0.000 F900
G1 X26.004 Y176.880 F1800
G1 X26.945 Y176.959 F1800
G1 X27.849 Y176.909 F1800
G1 X28.196 Y176.914 F1800
G0 Z0.400 F900
G0 X26.595 Y176.931 F4500
G0 Z0.000 F900
G1 X26.478 Y176.021 F1800
G1 X26.488 Y175.100 F1800
G1 X26.335 Y174.193 F1800
G1 X26.275 Y173.431 F1800
G0 Z2.000 F900
G0 X31.197 Y177.649 F4500
G0 Z0.000 F900
G1 X30.303 Y177.461 F1800
G1 X29.706 Y176.750 F1800
G1 X29.400 Y175.895 F1800
G1 X29.383 Y175.001 F1800
G1 X29.855 Y174.219 F1800
G1 X30.734 Y173.910 F1800
G1 X31.605 Y174.173 F1800
G1 X32.278 Y174.796 F1800
G1 X32.526 Y175.651 F1800
G1 X32.563 Y176.552 F1800
G1 X32.152 Y177.347 F1800
G1 X31.297 Y177.692 F1800
G1 X31.207 Y177.690 F1800
G0 Z2.000 F900
G0 X33.559 Y177.962 F4500
G0 Z0.000 F900
G1 X34.470 Y177.878 F1800
G1 X35.409 Y177.902 F1800
G1 X36.318 Y177.922 F1800
G1 X36.836 Y177.940 F1800
G0 Z0.400 F900
G0 X35.279 Y177.911 F4500
G0 Z0.000 F900
G1 X35.067 Y177.011 F1800
G1 X34.995 Y176.099 F1800
G1 X34.889 Y175.187 F1800
G1 X34.851 Y174.272 F1800
G1 X34.850 Y174.244 F1800
G0 Z2.000 F900
G0 X41.393 Y177.478 F4500
G0 Z0.000 F900
G1 X42.313 Y177.464 F1800
G1 X43.200 Y177.569 F1800
G1 X44.108 Y177.497 F1800
G1 X44.543 Y177.454 F1800
G0 Z0.400 F900
G0 X42.925 Y177.511 F4500
G0 Z0.000 F900
G1 X42.795 Y176.604 F1800
G1 X42.748 Y175.679 F1800
G1 X42.552 Y174.781 F1800
G1 X42.398 Y173.934 F1800
G0 Z2.000 F900
G0 X44.967 Y175.434 F4500
G0 Z0.000 F900
G1 X45.883 Y175.358 F1800
G1 X46.760 Y175.373 F1800
G1 X47.671 Y175.467 F1800
G1 X48.055 Y175.926 F1800
G1 X47.842 Y176.765 F1800
G1 X47.032 Y177.257 F1800
G1 X46.100 Y177.085 F1800
G1 X45.382 Y176.530 F1800
G1 X45.057 Y175.705 F1800
G1 X44.970 Y174.806 F1800
G1 X45.302 Y173.957 F1800
G1 X46.088 Y173.488 F1800
G1 X46.986 Y173.714 F1800
G1 X47.690 Y174.227 F1800
G1 X47.892 Y174.473 F1800
G0 Z2.000 F900
G0 X48.108 Y177.484 F4500
G0 Z0.000 F900
G1 X48.023 Y176.574 F1800
G1 X48.008 Y175.652 F1800
G1 X47.916 Y174.738 F1800
G1 X47.839 Y174.056 F1800
G0 Z2.000 F900
G0 X50.792 Y177.490 F4500
G0 Z0.000 F900
G1 X50.065 Y176.972 F1800
G1 X49.364 Y176.367 F1800
G1 X48.616 Y175.819 F1800
G1 X47.969 Y175.375 F1800
G0 Z0.400 F900
G0 X48.950 Y176.134 F4500
G0 Z0.000 F900
G1 X49.532 Y175.404 F1800
G1 X50.164 Y174.736 F1800
G1 X50.702 Y174.063 F1800
G0 Z2.000 F900
G0 X55.592 Y176.172 F4500
G0 Z0.000 F900
G1 X55.101 Y176.947 F1800
G1 X54.167 Y177.078 F1800
G1 X53.367 Y176.718 F1800
G1 X52.862 Y176.006 F1800
G1 X52.636 Y175.130 F1800
G1 X52.808 Y174.211 F1800
G1 X53.568 Y173.714 F1800
G1 X54.438 Y173.784 F1800
G1 X55.209 Y174.254 F1800
G1 X55.488 Y174.568 F1800
G0 Z2.000 F900
G0 X56.527 Y177.163 F4500
G0 Z0.000 F900
G1 X57.443 Y177.207 F1800
G1 X58.343 Y177.137 F1800
G1 X59.243 Y177.049 F1800
G1 X59.714 Y177.065 F1800
G0 Z0.400 F900
G0 X58.149 Y177.132 F4500
G0 Z0.000 F900
G1 X58.090 Y176.216 F1800
G1 X57.901 Y175.313 F1800
G1 X57.695 Y174.413 F1800
G1 X57.638 Y173.526 F1800
G0 Z2.000 F900
G0 X63.042 Y177.280 F4500
G0 Z0.000 F900
G1 X62.978 Y176.367 F1800
G1 X62.959 Y175.448 F1800
G1 X62.900 Y174.533 F1800
G1 X62.685 Y173.660 F1800
G0 Z2.000 F900
G0 X66.264 Y177.218 F4500
G0 Z0.000 F900
G1 X66.200 Y176.306 F1800
G1 X66.181 Y175.386 F1800
G1 X66.121 Y174.472 F1800
G1 X65.907 Y173.598 F1800
G0 Z2.000 F900
G0 X62.891 Y175.454 F4500
G0 Z0.000 F900
G1 X63.834 Y175.450 F1800
G1 X64.761 Y175.508 F1800
G1 X65.690 Y175.523 F1800
G1 X66.156 Y175.466 F1800
G0 Z2.000 F900
G0 X70.812 Y176.094 F4500
G0 Z0.000 F900
G1 X70.239 Y176.797 F1800
G1 X69.369 Y176.954 F1800
G1 X68.474 Y176.779 F1800
G1 X67.823 Y176.170 F1800
G1 X67.543 Y175.319 F1800
G1 X67.568 Y174.399 F1800
G1 X68.157 Y173.681 F1800
G1 X69.058 Y173.546 F1800
G1 X69.861 Y173.881 F1800
G1 X70.484 Y174.463 F1800
G0 Z2.000 F900
G0 X70.842 Y176.998 F4500
G0 Z0.000 F900
G1 X70.749 Y176.082 F1800
G1 X70.691 Y175.165 F1800
G1 X70.477 Y174.266 F1800
G1 X70.358 Y173.507 F1800
G0 Z0.400 F900
G0 X71.751 Y174.201 F4500
G0 Z0.000 F900
G1 X71.754 Y175.119 F1800
G1 X71.818 Y176.033 F1800
G1 X71.909 Y176.951 F1800
G1 X72.074 Y177.803 F1800
G1 X73.028 Y177.703 F1800
G1 X73.913 Y177.681 F1800
G1 X74.827 Y177.675 F1800
G1 X75.026 Y177.032 F1800
G1 X74.961 Y176.121 F1800
G1 X74.994 Y175.199 F1800
G1 X74.846 Y174.291 F1800
G1 X74.833 Y174.183 F1800
G0 Z2.000 F900
G0 X75.861 Y177.592 F4500
G0 Z0.000 F900
G1 X75.631 Y176.700 F1800
G1 X75.521 Y175.788 F1800
G1 X75.403 Y174.876 F1800
G1 X75.276 Y174.019 F1800
G1 X75.922 Y174.704 F1800
G1 X76.657 Y175.273 F1800
G1 X77.379 Y175.852 F1800
G1 X78.019 Y176.498 F1800
G1 X78.649 Y177.179 F1800
G1 X78.984 Y177.072 F1800
G1 X78.861 Y176.156 F1800
G1 X78.696 Y175.251 F1800
G1 X78.514 Y174.352 F1800
G1 X78.395 Y173.902 F1800
G0 Z2.000 F900
G0 X83.304 Y176.337 F4500
G0 Z0.000 F900
G1 X82.800 Y177.100 F1800
G1 X81.889 Y177.293 F1800
G1 X81.079 Y176.964 F1800
G1 X80.591 Y176.212 F1800
G1 X80.402 Y175.341 F1800
G1 X80.494 Y174.439 F1800
G1 X81.218 Y173.840 F1800
G1 X82.161 Y173.862 F1800
G1 X82.888 Y174.428 F1800
G1 X83.118 Y174.792 F1800
G0 Z2.000 F900
G0 X87.044 Y176.885 F4500
G0 Z0.000 F900
G1 X86.433 Y177.561 F1800
G1 X85.536 Y177.831 F1800
G1 X84.699 Y177.532 F1800
G1 X84.076 Y176.932 F1800
G1 X83.696 Y176.112 F1800
G1 X83.811 Y175.201 F1800
G1 X84.299 Y174.430 F1800
G1 X85.163 Y174.154 F1800
G1 X86.041 Y174.391 F1800
G1 X86.696 Y175.023 F1800
G1 X86.804 Y175.182 F1800
G0 Z2.000 F900
G0 X86.993 Y177.809 F4500
G0 Z0.000 F900
G1 X86.975 Y176.890 F1800
G1 X86.845 Y175.979 F1800
G1 X86.887 Y175.057 F1800
G1 X86.835 Y174.198 F1800
G0 Z2.000 F900
G0 X89.008 Y177.403 F4500
G0 Z0.000 F900
G1 X88.937 Y176.489 F1800
G1 X88.831 Y175.577 F1800
G1 X88.672 Y174.670 F1800
G1 X88.635 Y174.039 F1800
G0 Z2.000 F900
G0 X92.006 Y177.401 F4500
G0 Z0.000 F900
G1 X91.934 Y176.487 F1800
G1 X91.828 Y175.575 F1800
G1 X91.670 Y174.668 F1800
G1 X91.633 Y174.037 F1800
G0 Z2.000 F900
G0 X88.842 Y175.800 F4500
G0 Z0.000 F900
G1 X89.761 Y175.794 F1800
G1 X90.668 Y175.767 F1800
G1 X91.591 Y175.669 F1800
G1 X91.834 Y175.663 F1800
G0 Z2.000 F900
G0 X95.664 Y177.792 F4500
G0 Z0.000 F900
G1 X95.490 Y176.891 F1800
G1 X95.273 Y175.989 F1800
G1 X95.229 Y175.070 F1800
G1 X95.147 Y174.175 F1800
G0 Z2.000 F900
G0 X98.890 Y177.746 F4500
G0 Z0.000 F900
G1 X98.716 Y176.845 F1800
G1 X98.499 Y175.944 F1800
G1 X98.455 Y175.024 F1800
G1 X98.373 Y174.130 F1800
G0 Z2.000 F900
G0 X95.384 Y176.100 F4500
G0 Z0.000 F900
G1 X96.314 Y176.006 F1800
G1 X97.192 Y175.921 F1800
G1 X98.097 Y175.984 F1800
G1 X98.574 Y175.991 F1800
G0 Z0.400 F900
G0 X99.906 Y175.839 F4500
G0 Z0.000 F900
G1 X100.820 Y175.717 F1800
G1 X101.734 Y175.756 F1800
G1 X102.667 Y175.750 F1800
G1 X102.941 Y176.380 F1800
G1 X102.544 Y177.160 F1800
G1 X101.670 Y177.414 F1800
G1 X100.792 Y177.272 F1800
G1 X100.127 Y176.663 F1800
G1 X99.896 Y175.760 F1800
G1 X99.977 Y174.849 F1800
G1 X100.550 Y174.184 F1800
G1 X101.440 Y174.042 F1800
G1 X102.237 Y174.410 F1800
G1 X102.741 Y174.818 F1800
G0 Z2.000 F900
G0 X19.745 Y167.262 F4500
G0 Z0.000 F900
G1 X19.726 Y166.344 F1800
G1 X19.763 Y165.471 F1800
G1 X20.435 Y165.049 F1800
G1 X21.348 Y164.982 F1800
G1 X22.270 Y164.957 F1800
G1 X22.533 Y164.974 F1800
G0 Z2.000 F900
G0 X22.698 Y167.286 F4500
G0 Z0.000 F900
G1 X22.679 Y166.368 F1800
G1 X22.673 Y165.446 F1800
G1 X22.500 Y164.540 F1800
G1 X22.377 Y163.781 F1800
G0 Z0.400 F900
G0 X23.671 Y165.156 F4500
G0 Z0.000 F900
G1 X24.549 Y165.118 F1800
G1 X25.477 Y165.128 F1800
G1 X26.393 Y165.062 F1800
G1 X26.798 Y165.669 F1800
G1 X26.360 Y166.508 F1800
G1 X25.536 Y166.804 F1800
G1 X24.650 Y166.607 F1800
G1 X23.970 Y166.010 F1800
G1 X23.699 Y165.154 F1800
G1 X23.667 Y164.245 F1800
G1 X24.153 Y163.455 F1800
G1 X25.082 Y163.243 F1800
G1 X25.960 Y163.564 F1800
G1 X26.551 Y164.134 F1800
G0 Z0.400 F900
G0 X27.098 Y163.314 F4500
G0 Z0.000 F900
G1 X27.652 Y164.044 F1800
G1 X27.945 Y164.932 F1800
G1 X28.096 Y165.833 F1800
G1 X28.222 Y166.752 F1800
G1 X29.065 Y166.766 F1800
G1 X29.976 Y166.820 F1800
G1 X30.314 Y166.321 F1800
G1 X30.303 Y165.415 F1800
G1 X30.319 Y164.496 F1800
G1 X30.269 Y163.582 F1800
G1 X30.216 Y163.364 F1800
G0 Z2.000 F900
G0 X33.355 Y167.625 F4500
G0 Z0.000 F900
G1 X32.532 Y167.323 F1800
G1 X31.899 Y166.638 F1800
G1 X31.705 Y165.728 F1800
G1 X31.978 Y164.862 F1800
G1 X32.627 Y164.319 F1800
G1 X33.516 Y164.234 F1800
G1 X34.338 Y164.669 F1800
G1 X34.769 Y165.486 F1800
G1 X34.838 Y166.413 F1800
G1 X34.364 Y167.197 F1800
G1 X33.532 Y167.524 F1800
G1 X33.352 Y167.528 F1800
G0 Z2.000 F900
G0 X37.124 Y166.692 F4500
G0 Z0.000 F900
G1 X37.009 Y165.784 F1800
G1 X36.940 Y164.871 F1800
G1 X36.775 Y163.968 F1800
G1 X36.749 Y163.292 F1800
G0 Z2.000 F900
G0 X37.170 Y166.637 F4500
G0 Z0.000 F900
G1 X38.094 Y166.622 F1800
G1 X39.038 Y166.619 F1800
G1 X39.827 Y166.239 F1800
G1 X39.802 Y165.380 F1800
G1 X38.922 Y164.984 F1800
G1 X37.983 Y165.027 F1800
G1 X37.111 Y165.119 F1800
G1 X36.973 Y165.126 F1800
G0 Z0.400 F900
G0 X36.929 Y165.019 F4500
G0 Z0.000 F900
G1 X37.854 Y165.004 F1800
G1 X38.798 Y165.013 F1800
G1 X39.646 Y164.744 F1800
G1 X39.985 Y163.939 F1800
G1 X39.273 Y163.307 F1800
G1 X38.333 Y163.240 F1800
G1 X37.460 Y163.332 F1800
G1 X36.708 Y163.384 F1800
G0 Z2.000 F900
G0 X41.562 Y165.208 F4500
G0 Z0.000 F900
G1 X42.491 Y165.294 F1800
G1 X43.412 Y165.285 F1800
G1 X44.310 Y165.309 F1800
G1 X44.377 Y166.011 F1800
G1 X43.890 Y166.738 F1800
G1 X43.045 Y166.965 F1800
G1 X42.189 Y166.595 F1800
G1 X41.724 Y165.793 F1800
G1 X41.536 Y164.900 F1800
G1 X41.825 Y164.062 F1800
G1 X42.555 Y163.632 F1800
G1 X43.449 Y163.713 F1800
G1 X44.270 Y164.171 F1800
G1 X44.389 Y164.335 F1800
G0 Z2.000 F900
G0 X45.308 Y167.075 F4500
G0 Z0.000 F900
G1 X45.145 Y166.169 F1800
G1 X44.990 Y165.266 F1800
G1 X44.875 Y164.356 F1800
G1 X44.748 Y163.568 F1800
G0 Z2.000 F900
G0 X48.034 Y167.026 F4500
G0 Z0.000 F900
G1 X47.247 Y166.519 F1800
G1 X46.477 Y166.032 F1800
G1 X45.725 Y165.501 F1800
G1 X44.962 Y165.015 F1800
G1 X44.956 Y165.011 F1800
G0 Z0.400 F900
G0 X46.138 Y165.758 F4500
G0 Z0.000 F900
G1 X46.652 Y165.015 F1800
G1 X47.179 Y164.258 F1800
G1 X47.735 Y163.534 F1800
G1 X47.743 Y163.524 F1800
G0 Z2.000 F900
G0 X49.740 Y166.545 F4500
G0 Z0.000 F900
G1 X48.930 Y166.232 F1800
G1 X48.352 Y165.559 F1800
G1 X48.059 Y164.658 F1800
G1 X48.427 Y163.801 F1800
G1 X49.112 Y163.274 F1800
G1 X49.988 Y163.291 F1800
G1 X50.705 Y163.834 F1800
G1 X51.191 Y164.619 F1800
G1 X51.156 Y165.556 F1800
G1 X50.608 Y166.283 F1800
G1 X49.749 Y166.534 F1800
G0 Z2.000 F900
G0 X52.847 Y163.550 F4500
G0 Z0.000 F900
G1 X52.956 Y164.460 F1800
G1 X53.034 Y165.373 F1800
G1 X53.076 Y166.294 F1800
G1 X53.273 Y166.903 F1800
G1 X53.792 Y166.136 F1800
G1 X54.221 Y165.352 F1800
G1 X54.683 Y164.513 F1800
G1 X55.299 Y164.883 F1800
G1 X55.846 Y165.649 F1800
G1 X56.333 Y166.422 F1800
G1 X56.975 Y167.062 F1800
G1 X56.891 Y166.302 F1800
G1 X56.795 Y165.389 F1800
G1 X56.800 Y164.470 F1800
G1 X56.733 Y163.656 F1800
G0 Z2.000 F900
G0 X58.703 Y164.138 F4500
G0 Z0.000 F900
G1 X58.347 Y163.297 F1800
G1 X57.811 Y162.839 F1800
G0 Z2.000 F900
G0 X67.972 Y166.110 F4500
G0 Z0.000 F900
G1 X67.427 Y166.795 F1800
G1 X66.571 Y167.059 F1800
G1 X65.681 Y166.903 F1800
G1 X64.946 Y166.292 F1800
G1 X64.723 Y165.382 F1800
G1 X64.897 Y164.483 F1800
G1 X65.482 Y163.827 F1800
G1 X66.363 Y163.614 F1800
G1 X67.196 Y163.902 F1800
G1 X67.778 Y164.491 F1800
G0 Z2.000 F900
G0 X68.098 Y167.048 F4500
G0 Z0.000 F900
G1 X68.049 Y166.131 F1800
G1 X67.895 Y165.224 F1800
G1 X67.733 Y164.320 F1800
G1 X67.573 Y163.567 F1800
G0 Z2.000 F900
G0 X72.452 Y168.029 F4500
G0 Z0.000 F900
G1 X71.606 Y167.747 F1800
G1 X71.069 Y166.990 F1800
G1 X70.774 Y166.147 F1800
G1 X70.849 Y165.244 F1800
G1 X71.447 Y164.541 F1800
G1 X72.368 Y164.404 F1800
G1 X73.194 Y164.797 F1800
G1 X73.679 Y165.538 F1800
G1 X73.878 Y166.403 F1800
G1 X73.788 Y167.335 F1800
G1 X73.055 Y167.865 F1800
G1 X72.480 Y167.944 F1800
G0 Z2.000 F900
G0 X79.748 Y168.974 F4500
G0 Z0.000 F900
G1 X78.803 Y168.921 F1800
G1 X77.910 Y168.749 F1800
G1 X77.085 Y168.406 F1800
G1 X76.497 Y167.703 F1800
G1 X76.330 Y166.787 F1800
G1 X76.233 Y165.880 F1800
G1 X76.107 Y164.966 F1800
G1 X76.453 Y164.105 F1800
G1 X77.252 Y163.638 F1800
G1 X78.166 Y163.652 F1800
G1 X78.904 Y164.147 F1800
G1 X79.374 Y164.899 F1800
G1 X79.544 Y165.805 F1800
G1 X79.180 Y166.666 F1800
G1 X78.379 Y167.066 F1800
G1 X77.525 Y167.086 F1800
G1 X76.698 Y166.707 F1800
G1 X76.179 Y165.941 F1800
G1 X76.143 Y165.860 F1800
G0 Z2.000 F900
G0 X79.882 Y167.706 F4500
G0 Z0.000 F900
G1 X79.662 Y166.807 F1800
G1 X79.560 Y165.894 F1800
G1 X79.361 Y164.988 F1800
G1 X79.496 Y164.218 F1800
G1 X80.453 Y164.216 F1800
G1 X81.369 Y164.324 F1800
G1 X82.128 Y164.709 F1800
G1 X82.298 Y165.533 F1800
G1 X81.506 Y165.970 F1800
G1 X80.609 Y166.119 F1800
G1 X79.711 Y166.172 F1800
G1 X79.587 Y166.174 F1800
G0 Z2.000 F900
G0 X84.319 Y167.555 F4500
G0 Z0.000 F900
G1 X84.099 Y166.657 F1800
G1 X83.997 Y165.744 F1800
G1 X83.799 Y164.844 F1800
G1 X83.698 Y164.143 F1800
G0 Z2.000 F900
G0 X86.667 Y167.844 F4500
G0 Z0.000 F900
G1 X86.570 Y166.932 F1800
G1 X86.584 Y166.018 F1800
G1 X87.282 Y165.599 F1800
G1 X88.135 Y165.506 F1800
G1 X89.041 Y165.463 F1800
G1 X89.591 Y165.492 F1800
G0 Z2.000 F900
G0 X89.783 Y167.923 F4500
G0 Z0.000 F900
G1 X89.687 Y167.012 F1800
G1 X89.680 Y166.093 F1800
G1 X89.678 Y165.172 F1800
G1 X89.455 Y164.269 F1800
G1 X89.441 Y164.218 F1800
G0 Z2.000 F900
G0 X90.364 Y167.390 F4500
G0 Z0.000 F900
G1 X90.266 Y166.477 F1800
G1 X90.149 Y165.568 F1800
G1 X90.065 Y164.658 F1800
G1 X89.938 Y163.909 F1800
G0 Z2.000 F900
G0 X93.461 Y167.443 F4500
G0 Z0.000 F900
G1 X93.363 Y166.530 F1800
G1 X93.246 Y165.620 F1800
G1 X93.162 Y164.710 F1800
G1 X93.035 Y163.961 F1800
G0 Z2.000 F900
G0 X90.183 Y165.706 F4500
G0 Z0.000 F900
G1 X91.079 Y165.730 F1800
G1 X91.999 Y165.711 F1800
G1 X92.945 Y165.698 F1800
G1 X93.285 Y165.686 F1800
G0 Z2.000 F900
G0 X95.235 Y167.749 F4500
G0 Z0.000 F900
G1 X95.077 Y166.843 F1800
G1 X94.979 Y165.929 F1800
G1 X94.886 Y165.017 F1800
G1 X94.918 Y164.240 F1800
G1 X95.776 Y164.184 F1800
G1 X96.727 Y164.140 F1800
G1 X97.636 Y164.416 F1800
G1 X97.892 Y165.274 F1800
G1 X97.281 Y165.862 F1800
G1 X96.411 Y166.003 F1800
G1 X95.531 Y166.119 F1800
G1 X95.034 Y166.126 F1800
G0 Z2.000 F900
G0 X99.832 Y167.667 F4500
G0 Z0.000 F900
G1 X99.675 Y166.760 F1800
G1 X99.576 Y165.846 F1800
G1 X99.483 Y164.934 F1800
G1 X99.457 Y164.097 F1800
G0 Z0.400 F900
G0 X100.515 Y163.925 F4500
G0 Z0.000 F900
G1 X100.549 Y164.840 F1800
G1 X100.670 Y165.752 F1800
G1 X100.792 Y166.656 F1800
G1 X100.900 Y166.968 F1800
G1 X101.430 Y166.271 F1800
G1 X101.933 Y165.526 F1800
G1 X102.405 Y164.799 F1800
G1 X102.970 Y165.357 F1800
G1 X103.535 Y166.080 F1800
G1 X104.131 Y166.789 F1800
G1 X104.475 Y167.026 F1800
G1 X104.359 Y166.123 F1800
G1 X104.328 Y165.204 F1800
G1 X104.299 Y164.286 F1800
G1 X104.314 Y163.942 F1800
G0 Z2.000 F900
G0 X21.076 Y158.722 F4500
G0 Z0.000 F900
G1 X21.639 Y159.383 F1800
G1 X22.523 Y159.644 F1800
G1 X23.439 Y159.585 F1800
G1 X24.232 Y159.143 F1800
G1 X24.408 Y158.231 F1800
G1 X23.755 Y157.586 F1800
G1 X22.862 Y157.367 F1800
G1 X22.175 Y157.323 F1800
G0 Z0.400 F900
G0 X22.517 Y157.329 F4500
G0 Z0.000 F900
G1 X23.362 Y157.114 F1800
G1 X24.068 Y156.552 F1800
G1 X24.219 Y155.681 F1800
G1 X23.906 Y154.830 F1800
G1 X23.170 Y154.235 F1800
G1 X22.246 Y154.191 F1800
G1 X21.336 Y154.342 F1800
G1 X20.609 Y154.847 F1800
G1 X20.457 Y155.399 F1800
G0 Z2.000 F900
G0 X24.938 Y159.942 F4500
G0 Z0.000 F900
G1 X24.763 Y159.034 F1800
G1 X24.749 Y158.117 F1800
G1 X24.752 Y157.199 F1800
G1 X24.674 Y156.286 F1800
G1 X24.600 Y155.371 F1800
G1 X24.494 Y154.459 F1800
G1 X24.489 Y154.398 F1800
G0 Z2.000 F900
G0 X24.947 Y159.932 F4500
G0 Z0.000 F900
G1 X25.836 Y159.893 F1800
G1 X26.764 Y159.968 F1800
G1 X27.699 Y159.853 F1800
G1 X28.394 Y159.259 F1800
G1 X28.731 Y158.410 F1800
G1 X28.756 Y157.488 F1800
G1 X28.631 Y156.577 F1800
G1 X28.235 Y155.752 F1800
G1 X27.696 Y155.061 F1800
G1 X26.967 Y154.570 F1800
G1 X26.054 Y154.393 F1800
G1 X25.103 Y154.337 F1800
G1 X24.466 Y154.391 F1800
G0 Z2.000 F900
G0 X30.298 Y156.223 F4500
G0 Z0.000 F900
G1 X31.199 Y156.227 F1800
G1 X32.153 Y156.261 F1800
G1 X32.785 Y156.210 F1800
G0 Z2.000 F900
G0 X33.719 Y154.053 F4500
G0 Z0.000 F900
G1 X33.759 Y154.973 F1800
G1 X33.792 Y155.889 F1800
G1 X33.932 Y156.796 F1800
G1 X34.246 Y157.480 F1800
G1 X35.132 Y157.521 F1800
G1 X36.052 Y157.516 F1800
G1 X36.990 Y157.521 F1800
G1 X37.138 Y156.784 F1800
G1 X36.937 Y155.876 F1800
G1 X36.781 Y154.972 F1800
G1 X36.762 Y154.054 F1800
G1 X36.767 Y154.000 F1800
G0 Z2.000 F900
G0 X37.717 Y157.159 F4500
G0 Z0.000 F900
G1 X37.610 Y156.247 F1800
G1 X37.514 Y155.334 F1800
G1 X37.400 Y154.425 F1800
G1 X37.299 Y153.515 F1800
G1 X37.235 Y152.602 F1800
G1 X37.226 Y151.895 F1800
G0 Z2.000 F900
G0 X37.569 Y156.212 F4500
G0 Z0.000 F900
G1 X38.169 Y156.890 F1800
G1 X39.024 Y157.167 F1800
G1 X39.919 Y156.979 F1800
G1 X40.533 Y156.335 F1800
G1 X40.730 Y155.475 F1800
G1 X40.595 Y154.573 F1800
G1 X40.008 Y153.822 F1800
G1 X39.160 Y153.474 F1800
G1 X38.276 Y153.642 F1800
G1 X37.598 Y154.196 F1800
G1 X37.469 Y154.495 F1800
G0 Z2.000 F900
G0 X42.238 Y156.964 F4500
G0 Z0.000 F900
G1 X42.140 Y156.055 F1800
G1 X42.087 Y155.133 F1800
G1 X41.881 Y154.235 F1800
G1 X41.871 Y153.563 F1800
G1 X42.607 Y154.181 F1800
G1 X43.220 Y154.886 F1800
G1 X43.860 Y155.533 F1800
G1 X44.562 Y156.143 F1800
G1 X45.222 Y156.744 F1800
G1 X45.197 Y156.155 F1800
G1 X45.059 Y155.251 F1800
G1 X44.994 Y154.337 F1800
G1 X44.969 Y153.418 F1800
G1 X44.967 Y153.405 F1800
G0 Z2.000 F900
G0 X46.596 Y157.638 F4500
G0 Z0.000 F900
G1 X46.546 Y156.718 F1800
G1 X46.321 Y155.820 F1800
G1 X46.219 Y154.913 F1800
G1 X46.078 Y154.010 F1800
G1 X46.077 Y154.004 F1800
G0 Z2.000 F900
G0 X49.832 Y157.621 F4500
G0 Z0.000 F900
G1 X49.782 Y156.700 F1800
G1 X49.557 Y155.803 F1800
G1 X49.455 Y154.896 F1800
G1 X49.313 Y153.993 F1800
G1 X49.312 Y153.987 F1800
G0 Z2.000 F900
G0 X46.357 Y155.851 F4500
G0 Z0.000 F900
G1 X47.258 Y155.939 F1800
G1 X48.149 Y155.860 F1800
G1 X49.096 Y155.849 F1800
G1 X49.600 Y155.831 F1800
G0 Z2.000 F900
G0 X51.927 Y157.466 F4500
G0 Z0.000 F900
G1 X52.811 Y157.446 F1800
G1 X53.746 Y157.385 F1800
G1 X54.659 Y157.323 F1800
G1 X55.038 Y157.368 F1800
G0 Z0.400 F900
G0 X53.523 Y157.410 F4500
G0 Z0.000 F900
G1 X53.393 Y156.498 F1800
G1 X53.274 Y155.590 F1800
G1 X53.133 Y154.683 F1800
G1 X53.169 Y153.906 F1800
G0 Z2.000 F900
G0 X55.446 Y155.856 F4500
G0 Z0.000 F900
G1 X56.396 Y155.795 F1800
G1 X57.318 Y155.857 F1800
G1 X58.223 Y155.876 F1800
G1 X58.602 Y156.406 F1800
G1 X58.265 Y157.242 F1800
G1 X57.466 Y157.600 F1800
G1 X56.601 Y157.503 F1800
G1 X55.888 Y156.971 F1800
G1 X55.444 Y156.162 F1800
G1 X55.409 Y155.222 F1800
G1 X55.847 Y154.411 F1800
G1 X56.673 Y154.084 F1800
G1 X57.584 Y154.162 F1800
G1 X58.306 Y154.660 F1800
G1 X58.490 Y154.934 F1800
G0 Z2.000 F900
G0 X59.049 Y157.754 F4500
G0 Z0.000 F900
G1 X58.926 Y156.842 F1800
G1 X58.858 Y155.931 F1800
G1 X58.809 Y155.015 F1800
G1 X58.564 Y154.122 F1800
G1 X58.384 Y153.216 F1800
G1 X58.337 Y152.723 F1800
G0 Z2.000 F900
G0 X58.941 Y156.817 F4500
G0 Z0.000 F900
G1 X59.514 Y157.503 F1800
G1 X60.424 Y157.777 F1800
G1 X61.370 Y157.632 F1800
G1 X61.855 Y156.850 F1800
G1 X61.843 Y155.963 F1800
G1 X61.560 Y155.125 F1800
G1 X60.930 Y154.481 F1800
G1 X60.062 Y154.263 F1800
G1 X59.159 Y154.464 F1800
G1 X58.687 Y155.157 F1800
G0 Z2.000 F900
G0 X65.063 Y157.603 F4500
G0 Z0.000 F900
G1 X64.154 Y157.365 F1800
G1 X63.581 Y156.639 F1800
G1 X63.332 Y155.777 F1800
G1 X63.511 Y154.904 F1800
G1 X64.141 Y154.290 F1800
G1 X65.036 Y154.221 F1800
G1 X65.866 Y154.626 F1800
G1 X66.260 Y155.458 F1800
G1 X66.274 Y156.359 F1800
G1 X65.955 Y157.150 F1800
G1 X65.202 Y157.579 F1800
G1 X65.093 Y157.598 F1800
G0 Z2.000 F900
G0 X66.918 Y153.984 F4500
G0 Z0.000 F900
G1 X67.044 Y154.895 F1800
G1 X67.119 Y155.805 F1800
G1 X67.249 Y156.708 F1800
G1 X67.319 Y157.246 F1800
G1 X67.869 Y156.552 F1800
G1 X68.350 Y155.779 F1800
G1 X68.852 Y155.009 F1800
G1 X69.364 Y155.421 F1800
G1 X69.976 Y156.084 F1800
G1 X70.578 Y156.770 F1800
G1 X71.068 Y157.557 F1800
G1 X71.010 Y156.719 F1800
G1 X70.940 Y155.803 F1800
G1 X70.961 Y154.885 F1800
G1 X70.808 Y154.108 F1800
G0 Z2.000 F900
G0 X80.079 Y159.463 F4500
G0 Z0.000 F900
G1 X79.142 Y159.445 F1800
G1 X78.232 Y159.510 F1800
G1 X77.334 Y159.528 F1800
G1 X76.641 Y159.193 F1800
G1 X76.631 Y158.260 F1800
G1 X76.593 Y157.344 F1800
G1 X76.378 Y156.440 F1800
G1 X76.272 Y155.529 F1800
G1 X76.169 Y154.607 F1800
G1 X76.616 Y154.155 F1800
G1 X77.545 Y154.124 F1800
G1 X78.477 Y154.166 F1800
G1 X79.407 Y154.240 F1800
G1 X79.588 Y154.263 F1800
G0 Z2.000 F900
G0 X76.424 Y156.814 F4500
G0 Z0.000 F900
G1 X77.320 Y156.832 F1800
G1 X78.245 Y156.766 F1800
G1 X79.083 Y156.752 F1800
G0 Z2.000 F900
G0 X80.889 Y158.373 F4500
G0 Z0.000 F900
G1 X80.810 Y157.457 F1800
G1 X80.717 Y156.545 F1800
G1 X80.508 Y155.648 F1800
G1 X80.366 Y154.824 F1800
G0 Z2.000 F900
G0 X80.784 Y157.157 F4500
G0 Z0.000 F900
G1 X81.306 Y157.911 F1800
G1 X82.136 Y158.345 F1800
G1 X83.042 Y158.233 F1800
G1 X83.729 Y157.672 F1800
G1 X83.816 Y156.778 F1800
G1 X83.649 Y155.881 F1800
G1 X83.607 Y154.966 F1800
G1 X83.585 Y154.717 F1800
G0 Z2.000 F900
G0 X88.786 Y160.354 F4500
G0 Z0.000 F900
G1 X88.745 Y159.439 F1800
G1 X88.738 Y158.520 F1800
G1 X88.670 Y157.603 F1800
G1 X88.528 Y156.695 F1800
G1 X88.468 Y155.782 F1800
G1 X88.409 Y154.869 F1800
G1 X88.396 Y154.801 F1800
G0 Z2.000 F900
G0 X88.655 Y157.449 F4500
G0 Z0.000 F900
G1 X88.101 Y158.160 F1800
G1 X87.198 Y158.303 F1800
G1 X86.325 Y158.025 F1800
G1 X85.650 Y157.449 F1800
G1 X85.370 Y156.590 F1800
G1 X85.490 Y155.678 F1800
G1 X85.996 Y154.911 F1800
G1 X86.912 Y154.786 F1800
G1 X87.752 Y155.041 F1800
G1 X88.392 Y155.669 F1800
G1 X88.439 Y155.764 F1800
G0 Z0.400 F900
G0 X89.311 Y155.875 F4500
G0 Z0.000 F900
G1 X90.207 Y155.735 F1800
G1 X91.134 Y155.734 F1800
G1 X92.068 Y155.797 F1800
G1 X92.167 Y156.492 F1800
G1 X91.689 Y157.221 F1800
G1 X90.823 Y157.467 F1800
G1 X89.976 Y157.135 F1800
G1 X89.393 Y156.400 F1800
G1 X89.343 Y155.485 F1800
G1 X89.586 Y154.646 F1800
G1 X90.295 Y154.049 F1800
G1 X91.234 Y154.083 F1800
G1 X91.953 Y154.654 F1800
G1 X92.085 Y154.905 F1800
G0 Z2.000 F900
G0 X92.977 Y157.939 F4500
G0 Z0.000 F900
G1 X92.830 Y157.028 F1800
G1 X92.789 Y156.114 F1800
G1 X92.784 Y155.195 F1800
G1 X92.773 Y154.452 F1800
G0 Z2.000 F900
G0 X92.852 Y156.635 F4500
G0 Z0.000 F900
G1 X93.362 Y157.363 F1800
G1 X94.146 Y157.827 F1800
G1 X95.030 Y157.962 F1800
G1 X95.353 Y157.892 F1800
G0 Z2.000 F900
G0 X100.390 Y159.383 F4500
G0 Z0.000 F900
G1 X100.974 Y160.074 F1800
G1 X101.798 Y160.377 F1800
G1 X102.707 Y160.408 F1800
G1 X103.568 Y160.101 F1800
G1 X103.771 Y159.196 F1800
G1 X103.330 Y158.447 F1800
G1 X102.529 Y158.047 F1800
G1 X101.590 Y158.041 F1800
G1 X101.506 Y158.039 F1800
G0 Z0.400 F900
G0 X101.848 Y157.986 F4500
G0 Z0.000 F900
G1 X102.754 Y157.825 F1800
G1 X103.423 Y157.282 F1800
G1 X103.602 Y156.422 F1800
G1 X103.340 Y155.521 F1800
G1 X102.588 Y154.966 F1800
G1 X101.746 Y154.752 F1800
G1 X100.836 Y154.764 F1800
G1 X100.043 Y155.204 F1800
G1 X99.617 Y155.907 F1800
G0 Z2.000 F900
G0 X107.378 Y154.563 F4500
G0 Z0.000 F900
G1 X107.501 Y155.476 F1800
G1 X107.575 Y156.390 F1800
G1 X107.614 Y157.305 F1800
G1 X107.859 Y158.197 F1800
G1 X107.944 Y159.111 F1800
G1 X108.061 Y160.017 F1800
G1 X108.447 Y159.614 F1800
G1 X108.914 Y158.832 F1800
G1 X109.385 Y158.047 F1800
G1 X109.739 Y157.201 F1800
G1 X110.204 Y156.404 F1800
G1 X110.742 Y155.658 F1800
G1 X111.205 Y154.862 F1800
G1 X111.459 Y154.903 F1800
G1 X111.555 Y155.805 F1800
G1 X111.706 Y156.708 F1800
G1 X111.867 Y157.610 F1800
G1 X111.895 Y158.532 F1800
G1 X112.007 Y159.446 F1800
G1 X112.129 Y160.105 F1800
G0 Z2.000 F900
G0 X113.549 Y155.941 F4500
G0 Z0.000 F900
G1 X114.461 Y155.946 F1800
G1 X115.422 Y155.982 F1800
G1 X116.327 Y155.984 F1800
G1 X116.571 Y156.600 F1800
G1 X116.147 Y157.393 F1800
G1 X115.293 Y157.667 F1800
G1 X114.424 Y157.455 F1800
G1 X113.814 Y156.766 F1800
G1 X113.577 Y155.882 F1800
G1 X113.701 Y155.009 F1800
G1 X114.259 Y154.350 F1800
G1 X115.141 Y154.187 F1800
G1 X116.018 Y154.527 F1800
G1 X116.376 Y155.010 F1800
G0 Z2.000 F900
G0 X119.150 Y157.837 F4500
G0 Z0.000 F900
G1 X118.291 Y157.531 F1800
G1 X117.668 Y156.872 F1800
G1 X117.392 Y156.009 F1800
G1 X117.477 Y155.120 F1800
G1 X117.949 Y154.355 F1800
G1 X118.781 Y153.976 F1800
G1 X119.627 Y154.327 F1800
G1 X120.266 Y154.958 F1800
G1 X120.573 Y155.800 F1800
G1 X120.557 Y156.702 F1800
G1 X120.121 Y157.488 F1800
G1 X119.287 Y157.829 F1800
G1 X119.214 Y157.831 F1800
G0 Z2.000 F900
G0 X121.774 Y154.358 F4500
G0 Z0.000 F900
G1 X121.373 Y153.530 F1800
G1 X120.818 Y152.862 F1800
G0 Z2.000 F900
G0 X20.029 Y147.228 F4500
G0 Z0.000 F900
G1 X19.877 Y146.320 F1800
G1 X19.779 Y145.409 F1800
G1 X19.717 Y144.494 F1800
G1 X19.788 Y143.574 F1800
G0 Z2.000 F900
G0 X22.846 Y147.232 F4500
G0 Z0.000 F900
G1 X22.058 Y146.745 F1800
G1 X21.310 Y146.229 F1800
G1 X20.579 Y145.674 F1800
G1 X19.935 Y145.027 F1800
G1 X19.876 Y144.977 F1800
G0 Z0.400 F900
G0 X20.963 Y145.898 F4500
G0 Z0.000 F900
G1 X21.482 Y145.144 F1800
G1 X22.047 Y144.412 F1800
G1 X22.636 Y143.712 F1800
G1 X22.757 Y143.605 F1800
G0 Z2.000 F900
G0 X26.356 Y147.402 F4500
G0 Z0.000 F900
G1 X25.466 Y147.164 F1800
G1 X24.824 Y146.529 F1800
G1 X24.561 Y145.656 F1800
G1 X24.687 Y144.742 F1800
G1 X25.332 Y144.093 F1800
G1 X26.263 Y144.001 F1800
G1 X27.018 Y144.482 F1800
G1 X27.440 Y145.238 F1800
G1 X27.673 Y146.108 F1800
G1 X27.437 Y146.998 F1800
G1 X26.685 Y147.490 F1800
G1 X26.339 Y147.511 F1800
G0 Z2.000 F900
G0 X28.263 Y146.682 F4500
G0 Z0.000 F900
G1 X29.155 Y146.728 F1800
G1 X30.089 Y146.798 F1800
G1 X31.025 Y146.894 F1800
G1 X31.352 Y146.870 F1800
G0 Z0.400 F900
G0 X29.760 Y146.772 F4500
G0 Z0.000 F900
G1 X29.665 Y145.858 F1800
G1 X29.635 Y144.942 F1800
G1 X29.635 Y144.023 F1800
G1 X29.497 Y143.298 F1800
G0 Z2.000 F900
G0 X33.839 Y146.761 F4500
G0 Z0.000 F900
G1 X32.936 Y146.548 F1800
G1 X32.303 Y145.909 F1800
G1 X32.048 Y145.031 F1800
G1 X32.173 Y144.128 F1800
G1 X32.786 Y143.514 F1800
G1 X33.668 Y143.505 F1800
G1 X34.496 Y143.862 F1800
G1 X35.052 Y144.613 F1800
G1 X35.167 Y145.543 F1800
G1 X34.727 Y146.334 F1800
G1 X33.912 Y146.700 F1800
G1 X33.823 Y146.712 F1800
G0 Z2.000 F900
G0 X36.319 Y147.450 F4500
G0 Z0.000 F900
G1 X36.240 Y146.536 F1800
G1 X36.139 Y145.626 F1800
G1 X35.932 Y144.725 F1800
G1 X35.891 Y143.810 F1800
G1 X35.866 Y142.893 F1800
G1 X35.818 Y142.221 F1800
G0 Z2.000 F900
G0 X36.178 Y146.502 F4500
G0 Z0.000 F900
G1 X36.757 Y147.210 F1800
G1 X37.649 Y147.494 F1800
G1 X38.500 Y147.266 F1800
G1 X39.150 Y146.676 F1800
G1 X39.367 Y145.801 F1800
G1 X39.154 Y144.908 F1800
G1 X38.558 Y144.188 F1800
G1 X37.666 Y143.832 F1800
G1 X36.802 Y144.039 F1800
G1 X36.131 Y144.573 F1800
G1 X36.042 Y144.801 F1800
G0 Z2.000 F900
G0 X42.032 Y146.491 F4500
G0 Z0.000 F900
G1 X41.148 Y146.279 F1800
G1 X40.515 Y145.580 F1800
G1 X40.319 Y144.693 F1800
G1 X40.467 Y143.813 F1800
G1 X41.093 Y143.162 F1800
G1 X41.992 Y143.018 F1800
G1 X42.816 Y143.437 F1800
G1 X43.267 Y144.211 F1800
G1 X43.335 Y145.111 F1800
G1 X43.071 Y145.951 F1800
G1 X42.344 Y146.451 F1800
G1 X42.047 Y146.495 F1800
G0 Z2.000 F900
G0 X44.533 Y143.395 F4500
G0 Z0.000 F900
G1 X44.649 Y144.306 F1800
G1 X44.684 Y145.224 F1800
G1 X44.741 Y146.140 F1800
G1 X44.935 Y146.780 F1800
G1 X45.383 Y146.024 F1800
G1 X45.877 Y145.268 F1800
G1 X46.388 Y144.507 F1800
G1 X46.919 Y144.696 F1800
G1 X47.497 Y145.398 F1800
G1 X48.110 Y146.075 F1800
G1 X48.698 Y146.719 F1800
G1 X48.705 Y146.302 F1800
G1 X48.696 Y145.383 F1800
G1 X48.529 Y144.477 F1800
G1 X48.478 Y143.562 F1800
G1 X48.471 Y143.445 F1800
G0 Z2.000 F900
G0 X50.173 Y146.770 F4500
G0 Z0.000 F900
G1 X50.505 Y145.905 F1800
G1 X50.770 Y145.026 F1800
G1 X50.996 Y144.142 F1800
G1 X51.305 Y143.284 F1800
G1 X51.360 Y143.110 F1800
G0 Z2.000 F900
G0 X53.509 Y146.604 F4500
G0 Z0.000 F900
G1 X53.069 Y145.816 F1800
G1 X52.565 Y145.049 F1800
G1 X52.024 Y144.290 F1800
G1 X51.559 Y143.491 F1800
G1 X51.112 Y142.699 F1800
G1 X50.586 Y141.964 F1800
G1 X49.791 Y141.579 F1800
G1 X49.652 Y141.586 F1800
G0 Z2.000 F900
G0 X58.038 Y147.093 F4500
G0 Z0.000 F900
G1 X57.987 Y146.180 F1800
G1 X57.877 Y145.272 F1800
G1 X57.725 Y144.364 F1800
G1 X57.614 Y143.485 F1800
G0 Z2.000 F900
G0 X58.032 Y147.099 F4500
G0 Z0.000 F900
G1 X58.974 Y147.135 F1800
G1 X59.913 Y147.104 F1800
G1 X60.727 Y146.842 F1800
G1 X60.878 Y146.089 F1800
G1 X60.244 Y145.486 F1800
G1 X59.331 Y145.354 F1800
G1 X58.409 Y145.340 F1800
G1 X57.860 Y145.335 F1800
G0 Z0.400 F900
G0 X57.855 Y145.372 F4500
G0 Z0.000 F900
G1 X58.797 Y145.407 F1800
G1 X59.737 Y145.382 F1800
G1 X60.587 Y145.206 F1800
G1 X61.040 Y144.557 F1800
G1 X60.669 Y143.781 F1800
G1 X59.790 Y143.495 F1800
G1 X58.866 Y143.465 F1800
G1 X57.947 Y143.464 F1800
G1 X57.680 Y143.457 F1800
G0 Z2.000 F900
G0 X60.888 Y143.532 F4500
G0 Z0.000 F900
G1 X60.920 Y144.450 F1800
G1 X60.961 Y145.368 F1800
G1 X60.949 Y146.284 F1800
G1 X61.130 Y147.166 F1800
G1 X61.563 Y146.407 F1800
G1 X62.103 Y145.657 F1800
G1 X62.639 Y144.918 F1800
G1 X63.130 Y144.725 F1800
G1 X63.654 Y145.429 F1800
G1 X64.231 Y146.154 F1800
G1 X64.855 Y146.854 F1800
G1 X65.165 Y147.028 F1800
G1 X65.045 Y146.126 F1800
G1 X64.977 Y145.211 F1800
G1 X64.956 Y144.292 F1800
G1 X64.959 Y143.669 F1800
G0 Z2.000 F900
G0 X66.472 Y145.942 F4500
G0 Z0.000 F900
G1 X67.360 Y146.034 F1800
G1 X68.313 Y146.018 F1800
G1 X69.292 Y145.959 F1800
G1 X69.495 Y146.714 F1800
G1 X68.876 Y147.407 F1800
G1 X68.018 Y147.625 F1800
G1 X67.191 Y147.364 F1800
G1 X66.614 Y146.672 F1800
G1 X66.467 Y145.759 F1800
G1 X66.661 Y144.857 F1800
G1 X67.373 Y144.334 F1800
G1 X68.243 Y144.315 F1800
G1 X69.052 Y144.714 F1800
G1 X69.403 Y145.063 F1800
G0 Z2.000 F900
G0 X73.971 Y146.251 F4500
G0 Z0.000 F900
G1 X73.430 Y146.970 F1800
G1 X72.553 Y147.087 F1800
G1 X71.720 Y146.734 F1800
G1 X71.077 Y146.103 F1800
G1 X70.882 Y145.208 F1800
G1 X71.011 Y144.295 F1800
G1 X71.677 Y143.645 F1800
G1 X72.617 Y143.619 F1800
G1 X73.393 Y144.088 F1800
G1 X73.772 Y144.606 F1800
G0 Z2.000 F900
G0 X74.971 Y147.231 F4500
G0 Z0.000 F900
G1 X75.901 Y147.243 F1800
G1 X76.858 Y147.286 F1800
G1 X77.746 Y147.312 F1800
G1 X78.194 Y147.360 F1800
G0 Z0.400 F900
G0 X76.553 Y147.281 F4500
G0 Z0.000 F900
G1 X76.503 Y146.367 F1800
G1 X76.512 Y145.450 F1800
G1 X76.436 Y144.535 F1800
G1 X76.428 Y143.653 F1800
G0 Z2.000 F900
G0 X80.779 Y147.528 F4500
G0 Z0.000 F900
G1 X79.934 Y147.207 F1800
G1 X79.367 Y146.528 F1800
G1 X79.104 Y145.648 F1800
G1 X79.376 Y144.766 F1800
G1 X80.094 Y144.213 F1800
G1 X81.041 Y144.253 F1800
G1 X81.754 Y144.793 F1800
G1 X82.108 Y145.606 F1800
G1 X82.096 Y146.503 F1800
G1 X81.662 Y147.328 F1800
G1 X80.768 Y147.600 F1800
G1 X80.723 Y147.602 F1800
G0 Z2.000 F900
G0 X90.132 Y146.769 F4500
G0 Z0.000 F900
G1 X89.642 Y147.524 F1800
G1 X88.755 Y147.656 F1800
G1 X87.895 Y147.475 F1800
G1 X87.203 Y146.894 F1800
G1 X86.877 Y146.014 F1800
G1 X86.892 Y145.099 F1800
G1 X87.403 Y144.363 F1800
G1 X88.249 Y144.101 F1800
G1 X89.154 Y144.251 F1800
G1 X89.851 Y144.845 F1800
G1 X89.941 Y145.006 F1800
G0 Z2.000 F900
G0 X91.238 Y147.292 F4500
G0 Z0.000 F900
G1 X90.321 Y147.053 F1800
G1 X89.774 Y146.307 F1800
G1 X89.520 Y145.463 F1800
G1 X89.625 Y144.574 F1800
G1 X90.242 Y143.910 F1800
G1 X91.154 Y143.752 F1800
G1 X92.026 Y144.140 F1800
G1 X92.465 Y144.933 F1800
G1 X92.482 Y145.825 F1800
G1 X92.270 Y146.682 F1800
G1 X91.553 Y147.209 F1800
G1 X91.225 Y147.265 F1800
G0 Z2.000 F900
G0 X94.464 Y144.472 F4500
G0 Z0.000 F900
G1 X94.510 Y145.386 F1800
G1 X94.554 Y146.301 F1800
G1 X94.728 Y147.211 F1800
G1 X94.792 Y148.083 F1800
G1 X95.627 Y148.129 F1800
G1 X96.549 Y148.185 F1800
G1 X97.448 Y148.205 F1800
G1 X98.006 Y147.818 F1800
G1 X97.989 Y146.882 F1800
G1 X97.816 Y145.974 F1800
G1 X97.735 Y145.058 F1800
G1 X97.731 Y144.526 F1800
G0 Z0.400 F900
G0 X98.235 Y143.816 F4500
G0 Z0.000 F900
G1 X98.810 Y144.533 F1800
G1 X99.070 Y145.425 F1800
G1 X99.193 Y146.328 F1800
G1 X99.337 Y147.250 F1800
G1 X100.263 Y147.294 F1800
G1 X101.176 Y147.272 F1800
G1 X101.450 Y146.718 F1800
G1 X101.329 Y145.813 F1800
G1 X101.359 Y144.892 F1800
G1 X101.334 Y143.975 F1800
G1 X101.325 Y143.846 F1800
G0 Z2.000 F900
G0 X105.628 Y146.188 F4500
G0 Z0.000 F900
G1 X105.100 Y146.873 F1800
G1 X104.294 Y147.195 F1800
G1 X103.374 Y146.968 F1800
G1 X102.699 Y146.324 F1800
G1 X102.442 Y145.444 F1800
G1 X102.618 Y144.554 F1800
G1 X103.235 Y143.934 F1800
G1 X104.049 Y143.684 F1800
G1 X104.952 Y143.902 F1800
G1 X105.475 Y144.567 F1800
G0 Z2.000 F900
G0 X105.802 Y147.130 F4500
G0 Z0.000 F900
G1 X105.740 Y146.215 F1800
G1 X105.549 Y145.317 F1800
G1 X105.408 Y144.407 F1800
G1 X105.298 Y143.665 F1800
G0 Z2.000 F900
G0 X19.348 Y132.786 F4500
G0 Z0.000 F900
G1 X19.447 Y133.694 F1800
G1 X19.520 Y134.610 F1800
G1 X19.610 Y135.537 F1800
G1 X19.955 Y136.228 F1800
G1 X20.869 Y136.165 F1800
G1 X21.771 Y136.189 F1800
G1 X22.712 Y136.250 F1800
G1 X22.710 Y135.408 F1800
G1 X22.654 Y134.495 F1800
G1 X22.479 Y133.591 F1800
G1 X22.273 Y132.801 F1800
G0 Z2.000 F900
G0 X25.956 Y136.194 F4500
G0 Z0.000 F900
G1 X25.128 Y135.944 F1800
G1 X24.511 Y135.312 F1800
G1 X24.154 Y134.467 F1800
G1 X24.213 Y133.531 F1800
G1 X24.804 Y132.833 F1800
G1 X25.653 Y132.628 F1800
G1 X26.495 Y132.871 F1800
G1 X27.079 Y133.562 F1800
G1 X27.475 Y134.393 F1800
G1 X27.377 Y135.324 F1800
G1 X26.772 Y136.027 F1800
G1 X25.982 Y136.207 F1800
G0 Z2.000 F900
G0 X28.961 Y132.812 F4500
G0 Z0.000 F900
G1 X29.868 Y132.818 F1800
G1 X30.791 Y132.818 F1800
G1 X31.666 Y132.874 F1800
G1 X32.500 Y132.892 F1800
G0 Z0.400 F900
G0 X31.892 Y132.886 F4500
G0 Z0.000 F900
G1 X31.979 Y133.798 F1800
G1 X32.089 Y134.709 F1800
G1 X32.096 Y135.625 F1800
G1 X32.110 Y136.478 F1800
G1 X31.213 Y136.385 F1800
G1 X30.316 Y136.394 F1800
G1 X30.035 Y135.672 F1800
G1 X29.796 Y134.790 F1800
G1 X29.517 Y133.920 F1800
G1 X29.165 Y133.054 F1800
G1 X28.994 Y132.756 F1800
G0 Z0.400 F900
G0 X29.286 Y132.812 F4500
G0 Z0.000 F900
G1 X29.181 Y131.900 F1800
G1 X29.168 Y131.618 F1800
G0 Z2.000 F900
G0 X32.305 Y132.896 F4500
G0 Z0.000 F900
G1 X32.199 Y131.984 F1800
G1 X32.187 Y131.701 F1800
G0 Z2.000 F900
G0 X33.809 Y136.330 F4500
G0 Z0.000 F900
G1 X33.743 Y135.415 F1800
G1 X33.631 Y134.502 F1800
G1 X33.639 Y133.585 F1800
G1 X33.581 Y132.830 F1800
G0 Z2.000 F900
G0 X33.763 Y136.377 F4500
G0 Z0.000 F900
G1 X34.672 Y136.386 F1800
G1 X35.567 Y136.348 F1800
G1 X36.453 Y136.110 F1800
G1 X36.561 Y135.304 F1800
G1 X35.855 Y134.815 F1800
G1 X34.938 Y134.676 F1800
G1 X34.023 Y134.587 F1800
G1 X33.690 Y134.597 F1800
G0 Z0.400 F900
G0 X33.692 Y134.702 F4500
G0 Z0.000 F900
G1 X34.601 Y134.712 F1800
G1 X35.498 Y134.683 F1800
G1 X36.415 Y134.545 F1800
G1 X36.846 Y133.827 F1800
G1 X36.374 Y133.137 F1800
G1 X35.492 Y132.869 F1800
G1 X34.575 Y132.776 F1800
G1 X33.648 Y132.792 F1800
G1 X33.607 Y132.792 F1800
G0 Z2.000 F900
G0 X38.409 Y135.065 F4500
G0 Z0.000 F900
G1 X39.341 Y135.023 F1800
G1 X40.294 Y134.921 F1800
G1 X41.195 Y134.936 F1800
G1 X41.468 Y135.582 F1800
G1 X41.033 Y136.386 F1800
G1 X40.200 Y136.716 F1800
G1 X39.354 Y136.417 F1800
G1 X38.754 Y135.777 F1800
G1 X38.455 Y134.935 F1800
G1 X38.448 Y134.011 F1800
G1 X39.062 Y133.311 F1800
G1 X39.989 Y133.167 F1800
G1 X40.848 Y133.531 F1800
G1 X41.284 Y134.015 F1800
G0 Z2.000 F900
G0 X45.067 Y135.431 F4500
G0 Z0.000 F900
G1 X44.504 Y136.154 F1800
G1 X43.590 Y136.335 F1800
G1 X42.736 Y135.978 F1800
G1 X42.137 Y135.288 F1800
G1 X42.002 Y134.396 F1800
G1 X42.203 Y133.531 F1800
G1 X42.778 Y132.878 F1800
G1 X43.688 Y132.730 F1800
G1 X44.548 Y133.091 F1800
G1 X44.913 Y133.739 F1800
G0 Z2.000 F900
G0 X46.198 Y135.962 F4500
G0 Z0.000 F900
G1 X46.082 Y135.055 F1800
G1 X46.068 Y134.136 F1800
G1 X45.991 Y133.221 F1800
G1 X46.049 Y132.643 F1800
G1 X46.663 Y133.333 F1800
G1 X47.256 Y134.026 F1800
G1 X47.957 Y134.640 F1800
G1 X48.632 Y135.266 F1800
G1 X49.235 Y135.921 F1800
G1 X49.202 Y135.250 F1800
G1 X49.086 Y134.340 F1800
G1 X49.085 Y133.420 F1800
G1 X49.083 Y132.584 F1800
G0 Z0.400 F900
G0 X49.682 Y132.998 F4500
G0 Z0.000 F900
G1 X50.193 Y133.739 F1800
G1 X50.651 Y134.518 F1800
G1 X50.877 Y135.408 F1800
G1 X51.075 Y136.297 F1800
G1 X51.744 Y136.572 F1800
G1 X52.645 Y136.594 F1800
G1 X53.308 Y136.393 F1800
G1 X53.200 Y135.446 F1800
G1 X53.052 Y134.541 F1800
G1 X52.896 Y133.638 F1800
G1 X52.877 Y133.034 F1800
G0 Z2.000 F900
G0 X54.287 Y136.131 F4500
G0 Z0.000 F900
G1 X54.190 Y135.221 F1800
G1 X54.166 Y134.304 F1800
G1 X54.117 Y133.387 F1800
G1 X54.153 Y132.716 F1800
G1 X54.739 Y133.417 F1800
G1 X55.342 Y134.099 F1800
G1 X56.076 Y134.695 F1800
G1 X56.735 Y135.348 F1800
G1 X57.303 Y136.037 F1800
G1 X57.390 Y135.468 F1800
G1 X57.365 Y134.549 F1800
G1 X57.215 Y133.639 F1800
G1 X57.184 Y132.723 F1800
G1 X57.184 Y132.681 F1800
G0 Z2.000 F900
G0 X61.712 Y132.890 F4500
G0 Z0.000 F900
G1 X61.784 Y133.802 F1800
G1 X61.876 Y134.714 F1800
G1 X61.899 Y135.632 F1800
G1 X61.919 Y136.577 F1800
G1 X62.875 Y136.628 F1800
G1 X63.815 Y136.587 F1800
G1 X64.719 Y136.650 F1800
G1 X64.784 Y136.652 F1800
G0 Z0.400 F900
G0 X65.454 Y135.102 F4500
G0 Z0.000 F900
G1 X66.370 Y135.061 F1800
G1 X67.282 Y135.137 F1800
G1 X68.160 Y135.197 F1800
G1 X68.325 Y135.888 F1800
G1 X67.815 Y136.560 F1800
G1 X66.972 Y136.782 F1800
G1 X66.083 Y136.518 F1800
G1 X65.514 Y135.785 F1800
G1 X65.418 Y134.861 F1800
G1 X65.660 Y133.972 F1800
G1 X66.415 Y133.475 F1800
G1 X67.277 Y133.561 F1800
G1 X68.024 Y133.975 F1800
G1 X68.245 Y134.268 F1800
G0 Z0.400 F900
G0 X69.399 Y133.332 F4500
G0 Z0.000 F900
G1 X69.976 Y134.038 F1800
G1 X70.389 Y134.855 F1800
G1 X70.689 Y135.728 F1800
G1 X70.832 Y136.613 F1800
G1 X71.566 Y136.686 F1800
G1 X72.502 Y136.763 F1800
G1 X73.039 Y136.373 F1800
G1 X72.897 Y135.445 F1800
G1 X72.831 Y134.533 F1800
G1 X72.656 Y133.626 F1800
G1 X72.572 Y133.220 F1800
G0 Z0.400 F900
G0 X73.969 Y134.623 F4500
G0 Z0.000 F900
G1 X74.919 Y134.590 F1800
G1 X75.824 Y134.590 F1800
G1 X76.698 Y134.637 F1800
G1 X76.842 Y135.334 F1800
G1 X76.414 Y136.075 F1800
G1 X75.546 Y136.258 F1800
G1 X74.651 Y135.988 F1800
G1 X74.125 Y135.219 F1800
G1 X73.974 Y134.322 F1800
G1 X74.215 Y133.483 F1800
G1 X74.893 Y132.895 F1800
G1 X75.849 Y132.910 F1800
G1 X76.514 Y133.508 F1800
G1 X76.652 Y133.732 F1800
G0 Z2.000 F900
G0 X78.592 Y136.580 F4500
G0 Z0.000 F900
G1 X78.530 Y135.666 F1800
G1 X78.499 Y134.750 F1800
G1 X78.520 Y133.832 F1800
G1 X78.472 Y133.021 F1800
G0 Z2.000 F900
G0 X78.610 Y136.562 F4500
G0 Z0.000 F900
G1 X79.524 Y136.576 F1800
G1 X80.448 Y136.595 F1800
G1 X81.346 Y136.401 F1800
G1 X81.528 Y135.562 F1800
G1 X80.820 Y134.992 F1800
G1 X79.865 Y134.929 F1800
G1 X78.950 Y134.926 F1800
G1 X78.543 Y134.945 F1800
G0 Z0.400 F900
G0 X78.530 Y134.862 F4500
G0 Z0.000 F900
G1 X79.443 Y134.876 F1800
G1 X80.370 Y134.903 F1800
G1 X81.290 Y134.810 F1800
G1 X81.792 Y134.091 F1800
G1 X81.349 Y133.312 F1800
G1 X80.416 Y133.101 F1800
G1 X79.502 Y133.089 F1800
G1 X78.629 Y133.090 F1800
G1 X78.479 Y133.069 F1800
G0 Z2.000 F900
G0 X82.035 Y136.746 F4500
G0 Z0.000 F900
G1 X82.418 Y135.904 F1800
G1 X82.718 Y135.044 F1800
G1 X82.897 Y134.136 F1800
G1 X83.180 Y133.270 F1800
G1 X83.245 Y133.058 F1800
G0 Z2.000 F900
G0 X85.481 Y136.767 F4500
G0 Z0.000 F900
G1 X85.091 Y135.936 F1800
G1 X84.624 Y135.135 F1800
G1 X84.050 Y134.416 F1800
G1 X83.567 Y133.625 F1800
G1 X83.080 Y132.849 F1800
G1 X82.596 Y132.075 F1800
G1 X81.936 Y131.488 F1800
G1 X81.467 Y131.426 F1800
G0 Z2.000 F900
G0 X85.744 Y137.103 F4500
G0 Z0.000 F900
G1 X85.746 Y136.186 F1800
G1 X85.669 Y135.274 F1800
G1 X85.641 Y134.356 F1800
G1 X85.595 Y133.647 F1800
G0 Z0.400 F900
G0 X85.682 Y135.352 F4500
G0 Z0.000 F900
G1 X86.621 Y135.407 F1800
G1 X86.936 Y135.398 F1800
G0 Z2.000 F900
G0 X88.543 Y137.182 F4500
G0 Z0.000 F900
G1 X87.714 Y136.864 F1800
G1 X87.111 Y136.184 F1800
G1 X86.936 Y135.279 F1800
G1 X87.142 Y134.424 F1800
G1 X87.780 Y133.840 F1800
G1 X88.701 Y133.674 F1800
G1 X89.485 Y134.150 F1800
G1 X89.943 Y134.946 F1800
G1 X89.986 Y135.868 F1800
G1 X89.568 Y136.658 F1800
G1 X88.773 Y137.036 F1800
G1 X88.582 Y137.075 F1800
G0 Z2.000 F900
G0 X94.867 Y136.679 F4500
G0 Z0.000 F900
G1 X94.716 Y135.771 F1800
G1 X94.694 Y134.854 F1800
G1 X94.697 Y133.934 F1800
G1 X94.630 Y133.018 F1800
G1 X94.479 Y132.109 F1800
G1 X94.443 Y131.678 F1800
G0 Z2.000 F900
G0 X94.814 Y135.747 F4500
G0 Z0.000 F900
G1 X95.430 Y136.369 F1800
G1 X96.271 Y136.647 F1800
G1 X97.164 Y136.512 F1800
G1 X97.765 Y135.810 F1800
G1 X97.775 Y134.876 F1800
G1 X97.457 Y134.031 F1800
G1 X96.828 Y133.437 F1800
G1 X95.941 Y133.257 F1800
G1 X95.102 Y133.548 F1800
G1 X94.644 Y134.133 F1800
G0 Z2.000 F900
G0 X99.312 Y136.921 F4500
G0 Z0.000 F900
G1 X99.470 Y136.011 F1800
G1 X99.855 Y135.165 F1800
G1 X100.207 Y134.314 F1800
G1 X100.482 Y133.439 F1800
G1 X100.493 Y133.377 F1800
G0 Z2.000 F900
G0 X102.595 Y136.838 F4500
G0 Z0.000 F900
G1 X102.000 Y136.123 F1800
G1 X101.611 Y135.299 F1800
G1 X101.191 Y134.485 F1800
G1 X100.702 Y133.711 F1800
G1 X100.126 Y132.966 F1800
G1 X99.602 Y132.224 F1800
G1 X98.776 Y131.945 F1800
G1 X98.686 Y131.952 F1800
G0 Z2.000 F900
G0 X104.684 Y137.047 F4500
G0 Z0.000 F900
G1 X104.508 Y136.146 F1800
G1 X104.472 Y135.217 F1800
G1 X105.211 Y134.738 F1800
G1 X106.101 Y134.761 F1800
G1 X107.003 Y134.639 F1800
G1 X107.452 Y134.607 F1800
G0 Z2.000 F900
G0 X107.750 Y136.956 F4500
G0 Z0.000 F900
G1 X107.574 Y136.056 F1800
G1 X107.507 Y135.144 F1800
G1 X107.462 Y134.228 F1800
G1 X107.381 Y133.324 F1800
G0 Z2.000 F900
G0 X107.066 Y136.667 F4500
G0 Z0.000 F900
G1 X107.042 Y135.748 F1800
G1 X106.980 Y134.836 F1800
G1 X106.789 Y133.935 F1800
G1 X106.732 Y133.272 F1800
G0 Z2.000 F900
G0 X109.717 Y136.642 F4500
G0 Z0.000 F900
G1 X109.005 Y136.057 F1800
G1 X108.285 Y135.531 F1800
G1 X107.481 Y135.092 F1800
G1 X106.887 Y134.658 F1800
G0 Z0.400 F900
G0 X107.923 Y135.360 F4500
G0 Z0.000 F900
G1 X108.541 Y134.682 F1800
G1 X109.137 Y133.960 F1800
G1 X109.607 Y133.198 F1800
G0 Z2.000 F900
G0 X112.148 Y136.258 F4500
G0 Z0.000 F900
G1 X112.439 Y135.399 F1800
G1 X112.750 Y134.536 F1800
G1 X112.954 Y133.626 F1800
G1 X113.239 Y132.759 F1800
G1 X113.271 Y132.681 F1800
G0 Z2.000 F900
G0 X115.460 Y136.211 F4500
G0 Z0.000 F900
G1 X114.982 Y135.409 F1800
G1 X114.525 Y134.615 F1800
G1 X113.976 Y133.898 F1800
G1 X113.494 Y133.111 F1800
G1 X113.040 Y132.318 F1800
G1 X112.517 Y131.554 F1800
G1 X111.687 Y131.176 F1800
G1 X111.498 Y131.173 F1800
G0 Z2.000 F900
G0 X116.064 Y133.197 F4500
G0 Z0.000 F900
G1 X115.655 Y132.994 F1800
G1 X116.121 Y133.099 F1800
G0 Z2.000 F900
G0 X20.782 Y123.566 F4500
G0 Z0.000 F900
G1 X20.837 Y124.483 F1800
G1 X20.935 Y125.394 F1800
G1 X20.982 Y126.309 F1800
G1 X21.031 Y127.223 F1800
G1 X21.260 Y128.119 F1800
G1 X21.444 Y128.896 F1800
G1 X22.324 Y128.902 F1800
G1 X23.249 Y128.901 F1800
G1 X24.165 Y128.908 F1800
G1 X25.116 Y128.894 F1800
G1 X25.110 Y128.030 F1800
G1 X24.896 Y127.128 F1800
G1 X24.803 Y126.217 F1800
G1 X24.790 Y125.299 F1800
G1 X24.675 Y124.388 F1800
G1 X24.636 Y123.478 F1800
G0 Z2.000 F900
G0 X25.535 Y126.670 F4500
G0 Z0.000 F900
G1 X25.451 Y125.758 F1800
G1 X25.357 Y124.848 F1800
G1 X25.229 Y123.941 F1800
G1 X25.187 Y123.016 F1800
G1 X24.998 Y122.116 F1800
G1 X24.890 Y121.604 F1800
G0 Z2.000 F900
G0 X25.516 Y125.685 F4500
G0 Z0.000 F900
G1 X26.115 Y126.358 F1800
G1 X26.995 Y126.595 F1800
G1 X27.858 Y126.372 F1800
G1 X28.481 Y125.732 F1800
G1 X28.504 Y124.790 F1800
G1 X28.160 Y123.948 F1800
G1 X27.537 Y123.328 F1800
G1 X26.640 Y123.186 F1800
G1 X25.782 Y123.377 F1800
G1 X25.217 Y124.070 F1800
G0 Z2.000 F900
G0 X31.210 Y127.135 F4500
G0 Z0.000 F900
G1 X30.329 Y126.824 F1800
G1 X29.797 Y126.074 F1800
G1 X29.614 Y125.208 F1800
G1 X29.781 Y124.327 F1800
G1 X30.407 Y123.699 F1800
G1 X31.335 Y123.537 F1800
G1 X32.113 Y124.020 F1800
G1 X32.499 Y124.827 F1800
G1 X32.587 Y125.705 F1800
G1 X32.387 Y126.591 F1800
G1 X31.613 Y127.055 F1800
G1 X31.241 Y127.092 F1800
G0 Z2.000 F900
G0 X33.077 Y123.063 F4500
G0 Z0.000 F900
G1 X33.217 Y123.972 F1800
G1 X33.264 Y124.886 F1800
G1 X33.382 Y125.796 F1800
G1 X33.687 Y126.513 F1800
G1 X34.594 Y126.405 F1800
G1 X35.513 Y126.449 F1800
G1 X36.176 Y126.493 F1800
G0 Z0.400 F900
G0 X37.757 Y126.559 F4500
G0 Z0.000 F900
G1 X37.658 Y125.653 F1800
G1 X37.535 Y124.745 F1800
G1 X37.368 Y123.839 F1800
G1 X37.210 Y122.936 F1800
G1 X37.024 Y122.035 F1800
G1 X36.956 Y121.508 F1800
G0 Z2.000 F900
G0 X37.566 Y125.653 F4500
G0 Z0.000 F900
G1 X38.234 Y126.310 F1800
G1 X39.130 Y126.542 F1800
G1 X39.992 Y126.310 F1800
G1 X40.530 Y125.590 F1800
G1 X40.544 Y124.703 F1800
G1 X40.276 Y123.849 F1800
G1 X39.658 Y123.154 F1800
G1 X38.770 Y122.960 F1800
G1 X37.933 Y123.269 F1800
G1 X37.439 Y124.020 F1800
G1 X37.444 Y124.010 F1800
G0 Z2.000 F900
G0 X44.836 Y126.173 F4500
G0 Z0.000 F900
G1 X44.306 Y126.903 F1800
G1 X43.443 Y127.180 F1800
G1 X42.519 Y126.950 F1800
G1 X41.950 Y126.234 F1800
G1 X41.655 Y125.398 F1800
G1 X41.737 Y124.494 F1800
G1 X42.261 Y123.765 F1800
G1 X43.107 Y123.432 F1800
G1 X43.971 Y123.687 F1800
G1 X44.616 Y124.328 F1800
G1 X44.727 Y124.549 F1800
G0 Z2.000 F900
G0 X45.000 Y127.177 F4500
G0 Z0.000 F900
G1 X44.889 Y126.264 F1800
G1 X44.777 Y125.352 F1800
G1 X44.710 Y124.437 F1800
G1 X44.785 Y123.548 F1800
G0 Z0.400 F900
G0 X45.533 Y122.604 F4500
G0 Z0.000 F900
G1 X45.703 Y123.512 F1800
G1 X45.876 Y124.415 F1800
G1 X45.937 Y125.325 F1800
G1 X46.023 Y126.055 F1800
G1 X46.567 Y125.295 F1800
G1 X47.014 Y124.486 F1800
G1 X47.497 Y123.672 F1800
G1 X48.055 Y123.851 F1800
G1 X48.577 Y124.598 F1800
G1 X49.141 Y125.329 F1800
G1 X49.755 Y126.055 F1800
G1 X49.856 Y125.538 F1800
G1 X49.721 Y124.627 F1800
G1 X49.615 Y123.716 F1800
G1 X49.533 Y122.801 F1800
G1 X49.539 Y122.677 F1800
G0 Z0.400 F900
G0 X51.526 Y122.541 F4500
G0 Z0.000 F900
G1 X51.673 Y123.450 F1800
G1 X51.736 Y124.366 F1800
G1 X51.835 Y125.278 F1800
G1 X52.043 Y125.753 F1800
G1 X52.422 Y124.931 F1800
G1 X52.982 Y124.192 F1800
G1 X53.512 Y123.434 F1800
G1 X54.066 Y123.890 F1800
G1 X54.566 Y124.628 F1800
G1 X55.156 Y125.333 F1800
G1 X55.685 Y125.823 F1800
G1 X55.545 Y124.937 F1800
G1 X55.558 Y124.017 F1800
G1 X55.436 Y123.106 F1800
G1 X55.400 Y122.520 F1800
G0 Z2.000 F900
G0 X59.879 Y126.084 F4500
G0 Z0.000 F900
G1 X59.397 Y126.823 F1800
G1 X58.498 Y127.083 F1800
G1 X57.598 Y126.795 F1800
G1 X56.924 Y126.183 F1800
G1 X56.689 Y125.286 F1800
G1 X56.842 Y124.398 F1800
G1 X57.414 Y123.748 F1800
G1 X58.210 Y123.451 F1800
G1 X59.086 Y123.706 F1800
G1 X59.776 Y124.322 F1800
G1 X59.847 Y124.435 F1800
G0 Z2.000 F900
G0 X60.071 Y127.070 F4500
G0 Z0.000 F900
G1 X59.961 Y126.161 F1800
G1 X59.806 Y125.252 F1800
G1 X59.747 Y124.335 F1800
G1 X59.644 Y123.509 F1800
G0 Z2.000 F900
G0 X64.406 Y126.448 F4500
G0 Z0.000 F900
G1 X64.274 Y125.542 F1800
G1 X64.290 Y124.618 F1800
G1 X64.229 Y123.705 F1800
G1 X64.030 Y122.802 F1800
G1 X63.843 Y121.898 F1800
G1 X63.832 Y121.278 F1800
G0 Z2.000 F900
G0 X64.345 Y125.474 F4500
G0 Z0.000 F900
G1 X64.986 Y126.099 F1800
G1 X65.819 Y126.446 F1800
G1 X66.764 Y126.258 F1800
G1 X67.307 Y125.535 F1800
G1 X67.344 Y124.641 F1800
G1 X67.169 Y123.769 F1800
G1 X66.592 Y123.081 F1800
G1 X65.723 Y122.809 F1800
G1 X64.790 Y122.939 F1800
G1 X64.243 Y123.674 F1800
G1 X64.195 Y123.838 F1800
G0 Z2.000 F900
G0 X72.304 Y126.142 F4500
G0 Z0.000 F900
G1 X71.754 Y126.881 F1800
G1 X70.882 Y127.169 F1800
G1 X69.979 Y127.015 F1800
G1 X69.315 Y126.367 F1800
G1 X69.016 Y125.526 F1800
G1 X69.026 Y124.647 F1800
G1 X69.342 Y123.821 F1800
G1 X70.141 Y123.413 F1800
G1 X71.114 Y123.461 F1800
G1 X71.875 Y123.982 F1800
G1 X72.138 Y124.406 F1800
G0 Z2.000 F900
G0 X72.404 Y127.134 F4500
G0 Z0.000 F900
G1 X72.270 Y126.222 F1800
G1 X72.147 Y125.313 F1800
G1 X72.054 Y124.403 F1800
G1 X72.046 Y123.483 F1800
G1 X72.045 Y123.421 F1800
G0 Z2.000 F900
G0 X73.479 Y126.611 F4500
G0 Z0.000 F900
G1 X74.159 Y127.159 F1800
G1 X75.090 Y127.140 F1800
G1 X75.803 Y126.742 F1800
G1 X75.717 Y125.956 F1800
G1 X74.958 Y125.507 F1800
G1 X74.419 Y125.511 F1800
G0 Z0.400 F900
G0 X74.685 Y125.605 F4500
G0 Z0.000 F900
G1 X75.573 Y125.429 F1800
G1 X75.995 Y124.671 F1800
G1 X75.553 Y123.925 F1800
G1 X74.735 Y123.599 F1800
G1 X73.816 Y123.566 F1800
G1 X73.188 Y124.207 F1800
G1 X73.152 Y124.345 F1800
G0 Z2.000 F900
G0 X76.071 Y123.634 F4500
G0 Z0.000 F900
G1 X76.686 Y124.313 F1800
G1 X77.082 Y125.150 F1800
G1 X77.292 Y126.044 F1800
G1 X77.416 Y126.990 F1800
G1 X78.115 Y127.323 F1800
G1 X79.004 Y127.266 F1800
G1 X79.751 Y127.097 F1800
G1 X79.662 Y126.201 F1800
G1 X79.529 Y125.293 F1800
G1 X79.410 Y124.387 F1800
G1 X79.372 Y123.549 F1800
G0 Z2.000 F900
G0 X82.628 Y126.945 F4500
G0 Z0.000 F900
G1 X81.695 Y126.810 F1800
G1 X81.028 Y126.161 F1800
G1 X80.754 Y125.290 F1800
G1 X80.845 Y124.406 F1800
G1 X81.234 Y123.628 F1800
G1 X82.065 Y123.291 F1800
G1 X82.929 Y123.468 F1800
G1 X83.605 Y124.121 F1800
G1 X84.008 Y124.956 F1800
G1 X83.946 Y125.866 F1800
G1 X83.496 Y126.610 F1800
G1 X82.645 Y126.908 F1800
G1 X82.627 Y126.908 F1800
G0 Z2.000 F900
G0 X88.055 Y127.225 F4500
G0 Z0.000 F900
G1 X87.932 Y126.316 F1800
G1 X87.931 Y125.396 F1800
G1 X87.813 Y124.487 F1800
G1 X87.764 Y123.728 F1800
G0 Z0.400 F900
G0 X87.917 Y125.501 F4500
G0 Z0.000 F900
G1 X87.241 Y126.117 F1800
G1 X86.505 Y126.649 F1800
G1 X85.890 Y127.191 F1800
G0 Z2.000 F900
G0 X87.875 Y125.503 F4500
G0 Z0.000 F900
G1 X87.125 Y124.980 F1800
G1 X86.453 Y124.369 F1800
G1 X85.704 Y123.839 F1800
G1 X85.521 Y123.703 F1800
G0 Z2.000 F900
G0 X87.915 Y125.449 F4500
G0 Z0.000 F900
G1 X88.672 Y125.971 F1800
G1 X89.377 Y126.582 F1800
G1 X90.123 Y127.113 F1800
G1 X90.312 Y127.249 F1800
G0 Z2.000 F900
G0 X87.873 Y125.450 F4500
G0 Z0.000 F900
G1 X88.557 Y124.835 F1800
G1 X89.324 Y124.303 F1800
G1 X89.935 Y123.760 F1800
G0 Z2.000 F900
G0 X91.061 Y127.502 F4500
G0 Z0.000 F900
G1 X90.992 Y126.588 F1800
G1 X91.025 Y125.666 F1800
G1 X90.983 Y124.752 F1800
G1 X90.882 Y123.881 F1800
G1 X91.471 Y124.482 F1800
G1 X92.084 Y125.154 F1800
G1 X92.787 Y125.773 F1800
G1 X93.470 Y126.416 F1800
G1 X94.061 Y127.078 F1800
G1 X94.360 Y127.071 F1800
G1 X94.339 Y126.152 F1800
G1 X94.282 Y125.236 F1800
G1 X94.126 Y124.330 F1800
G1 X94.074 Y123.818 F1800
G0 Z0.400 F900
G0 X95.197 Y123.682 F4500
G0 Z0.000 F900
G1 X95.694 Y124.444 F1800
G1 X96.072 Y125.269 F1800
G1 X96.246 Y126.166 F1800
G1 X96.420 Y127.085 F1800
G1 X97.100 Y127.381 F1800
G1 X98.011 Y127.334 F1800
G1 X98.719 Y127.206 F1800
G1 X98.698 Y126.328 F1800
G1 X98.606 Y125.413 F1800
G1 X98.430 Y124.508 F1800
G1 X98.382 Y123.753 F1800
G0 Z2.000 F900
G0 X102.966 Y126.147 F4500
G0 Z0.000 F900
G1 X102.436 Y126.851 F1800
G1 X101.594 Y127.021 F1800
G1 X100.705 Y126.858 F1800
G1 X100.055 Y126.198 F1800
G1 X99.838 Y125.288 F1800
G1 X100.086 Y124.425 F1800
G1 X100.703 Y123.822 F1800
G1 X101.591 Y123.730 F1800
G1 X102.458 Y124.052 F1800
G1 X102.854 Y124.573 F1800
G0 Z2.000 F900
G0 X103.092 Y127.066 F4500
G0 Z0.000 F900
G1 X103.019 Y126.152 F1800
G1 X102.972 Y125.237 F1800
G1 X102.779 Y124.335 F1800
G1 X102.687 Y123.663 F1800
G0 Z2.000 F900
G0 X20.361 Y116.974 F4500
G0 Z0.000 F900
G1 X20.320 Y116.059 F1800
G1 X20.213 Y115.145 F1800
G1 X20.093 Y114.233 F1800
G1 X20.034 Y113.319 F1800
G1 X20.030 Y113.287 F1800
G0 Z2.000 F900
G0 X23.628 Y116.950 F4500
G0 Z0.000 F900
G1 X23.586 Y116.035 F1800
G1 X23.480 Y115.122 F1800
G1 X23.360 Y114.210 F1800
G1 X23.301 Y113.296 F1800
G1 X23.296 Y113.263 F1800
G0 Z2.000 F900
G0 X20.201 Y115.112 F4500
G0 Z0.000 F900
G1 X21.147 Y115.146 F1800
G1 X22.040 Y115.167 F1800
G1 X22.930 Y115.179 F1800
G1 X23.457 Y115.208 F1800
G0 Z2.000 F900
G0 X27.735 Y115.327 F4500
G0 Z0.000 F900
G1 X27.309 Y116.136 F1800
G1 X26.376 Y116.349 F1800
G1 X25.532 Y116.016 F1800
G1 X24.936 Y115.362 F1800
G1 X24.618 Y114.515 F1800
G1 X24.723 Y113.595 F1800
G1 X25.456 Y113.009 F1800
G1 X26.371 Y112.895 F1800
G1 X27.193 Y113.255 F1800
G1 X27.566 Y113.797 F1800
G0 Z2.000 F900
G0 X27.920 Y116.264 F4500
G0 Z0.000 F900
G1 X27.728 Y115.365 F1800
G1 X27.639 Y114.451 F1800
G1 X27.642 Y113.529 F1800
G1 X27.583 Y112.841 F1800
G0 Z2.000 F900
G0 X32.690 Y118.841 F4500
G0 Z0.000 F900
G1 X31.754 Y118.835 F1800
G1 X30.853 Y118.646 F1800
G1 X30.031 Y118.226 F1800
G1 X29.426 Y117.569 F1800
G1 X29.197 Y116.701 F1800
G1 X29.010 Y115.807 F1800
G1 X28.818 Y114.889 F1800
G1 X29.057 Y113.998 F1800
G1 X29.786 Y113.424 F1800
G1 X30.686 Y113.322 F1800
G1 X31.546 Y113.575 F1800
G1 X32.119 Y114.258 F1800
G1 X32.397 Y115.125 F1800
G1 X32.324 Y116.057 F1800
G1 X31.658 Y116.693 F1800
G1 X30.815 Y116.886 F1800
G1 X29.949 Y116.713 F1800
G1 X29.219 Y116.178 F1800
G1 X28.950 Y115.589 F1800
G0 Z2.000 F900
G0 X33.628 Y116.339 F4500
G0 Z0.000 F900
G1 X33.411 Y115.436 F1800
G1 X33.376 Y114.516 F1800
G1 X33.353 Y113.599 F1800
G1 X33.285 Y112.685 F1800
G1 X33.237 Y111.770 F1800
G1 X33.213 Y111.317 F1800
G0 Z2.000 F900
G0 X33.504 Y115.431 F4500
G0 Z0.000 F900
G1 X34.143 Y116.021 F1800
G1 X34.933 Y116.337 F1800
G1 X35.832 Y116.186 F1800
G1 X36.433 Y115.483 F1800
G1 X36.546 Y114.564 F1800
G1 X36.219 Y113.706 F1800
G1 X35.531 Y113.156 F1800
G1 X34.655 Y112.927 F1800
G1 X33.749 Y113.120 F1800
G1 X33.330 Y113.788 F1800
G0 Z2.000 F900
G0 X40.996 Y116.131 F4500
G0 Z0.000 F900
G1 X40.416 Y116.829 F1800
G1 X39.558 Y117.058 F1800
G1 X38.731 Y116.797 F1800
G1 X38.022 Y116.260 F1800
G1 X37.644 Y115.406 F1800
G1 X37.788 Y114.485 F1800
G1 X38.253 Y113.720 F1800
G1 X39.103 Y113.470 F1800
G1 X39.975 Y113.673 F1800
G1 X40.684 Y114.204 F1800
G1 X40.841 Y114.443 F1800
G0 Z2.000 F900
G0 X41.093 Y117.105 F4500
G0 Z0.000 F900
G1 X41.004 Y116.190 F1800
G1 X40.920 Y115.277 F1800
G1 X40.914 Y114.360 F1800
G1 X40.751 Y113.474 F1800
G0 Z2.000 F900
G0 X42.698 Y116.388 F4500
G0 Z0.000 F900
G1 X42.574 Y115.480 F1800
G1 X42.446 Y114.570 F1800
G1 X42.263 Y113.668 F1800
G1 X42.165 Y113.026 F1800
G0 Z2.000 F900
G0 X45.700 Y116.349 F4500
G0 Z0.000 F900
G1 X45.576 Y115.441 F1800
G1 X45.448 Y114.531 F1800
G1 X45.265 Y113.629 F1800
G1 X45.167 Y112.987 F1800
G0 Z2.000 F900
G0 X42.456 Y114.774 F4500
G0 Z0.000 F900
G1 X43.375 Y114.752 F1800
G1 X44.274 Y114.748 F1800
G1 X45.180 Y114.679 F1800
G1 X45.428 Y114.671 F1800
G0 Z2.000 F900
G0 X46.172 Y116.823 F4500
G0 Z0.000 F900
G1 X46.075 Y115.909 F1800
G1 X45.944 Y115.002 F1800
G1 X45.794 Y114.094 F1800
G1 X45.618 Y113.451 F1800
G0 Z2.000 F900
G0 X49.184 Y116.766 F4500
G0 Z0.000 F900
G1 X49.086 Y115.852 F1800
G1 X48.956 Y114.945 F1800
G1 X48.806 Y114.038 F1800
G1 X48.630 Y113.394 F1800
G0 Z2.000 F900
G0 X45.951 Y115.157 F4500
G0 Z0.000 F900
G1 X46.855 Y115.183 F1800
G1 X47.773 Y115.162 F1800
G1 X48.669 Y115.143 F1800
G1 X48.931 Y115.101 F1800
G0 Z2.000 F900
G0 X50.738 Y116.235 F4500
G0 Z0.000 F900
G1 X50.631 Y115.322 F1800
G1 X50.538 Y114.410 F1800
G1 X50.513 Y113.488 F1800
G1 X50.787 Y112.859 F1800
G1 X51.693 Y112.843 F1800
G1 X52.546 Y113.050 F1800
G1 X53.243 Y113.571 F1800
G1 X53.171 Y114.372 F1800
G1 X52.365 Y114.756 F1800
G1 X51.394 Y114.715 F1800
G1 X50.562 Y114.676 F1800
G0 Z2.000 F900
G0 X55.083 Y116.370 F4500
G0 Z0.000 F900
G1 X54.977 Y115.457 F1800
G1 X54.883 Y114.545 F1800
G1 X54.858 Y113.630 F1800
G1 X54.846 Y112.995 F1800
G0 Z2.000 F900
G0 X55.885 Y116.603 F4500
G0 Z0.000 F900
G1 X55.825 Y115.687 F1800
G1 X55.817 Y114.768 F1800
G1 X55.648 Y113.869 F1800
G1 X55.724 Y113.378 F1800
G1 X56.412 Y114.013 F1800
G1 X57.034 Y114.665 F1800
G1 X57.698 Y115.285 F1800
G1 X58.323 Y115.974 F1800
G1 X59.015 Y116.537 F1800
G1 X58.896 Y115.569 F1800
G1 X58.680 Y114.674 F1800
G1 X58.575 Y113.760 F1800
G1 X58.475 Y113.177 F1800
G0 Z2.000 F900
G0 X56.614 Y118.056 F4500
G0 Z0.000 F900
G1 X57.287 Y117.514 F1800
G1 X58.169 Y117.699 F1800
G1 X58.591 Y118.113 F1800
G0 Z2.000 F900
G0 X63.419 Y116.469 F4500
G0 Z0.000 F900
G1 X64.336 Y116.516 F1800
G1 X65.254 Y116.581 F1800
G1 X66.131 Y116.527 F1800
G1 X66.410 Y116.533 F1800
G0 Z0.400 F900
G0 X64.861 Y116.536 F4500
G0 Z0.000 F900
G1 X64.804 Y115.619 F1800
G1 X64.765 Y114.701 F1800
G1 X64.569 Y113.797 F1800
G1 X64.527 Y113.119 F1800
G0 Z2.000 F900
G0 X68.645 Y115.590 F4500
G0 Z0.000 F900
G1 X69.540 Y115.642 F1800
G1 X70.461 Y115.634 F1800
G1 X71.405 Y115.604 F1800
G1 X71.647 Y116.262 F1800
G1 X71.215 Y117.078 F1800
G1 X70.296 Y117.342 F1800
G1 X69.449 Y117.041 F1800
G1 X68.959 Y116.291 F1800
G1 X68.688 Y115.450 F1800
G1 X68.736 Y114.551 F1800
G1 X69.354 Y113.882 F1800
G1 X70.282 Y113.838 F1800
G1 X71.111 Y114.229 F1800
G1 X71.499 Y114.656 F1800
G0 Z2.000 F900
G0 X72.510 Y117.400 F4500
G0 Z0.000 F900
G1 X72.457 Y116.482 F1800
G1 X72.382 Y115.572 F1800
G1 X72.343 Y114.656 F1800
G1 X72.244 Y114.018 F1800
G0 Z2.000 F900
G0 X75.158 Y117.433 F4500
G0 Z0.000 F900
G1 X74.428 Y116.847 F1800
G1 X73.711 Y116.329 F1800
G1 X73.005 Y115.761 F1800
G1 X72.377 Y115.352 F1800
G0 Z0.400 F900
G0 X73.358 Y116.084 F4500
G0 Z0.000 F900
G1 X73.955 Y115.405 F1800
G1 X74.547 Y114.673 F1800
G1 X75.114 Y114.043 F1800
G0 Z2.000 F900
G0 X78.220 Y116.137 F4500
G0 Z0.000 F900
G1 X77.731 Y116.868 F1800
G1 X76.868 Y117.125 F1800
G1 X75.971 Y116.833 F1800
G1 X75.435 Y116.096 F1800
G1 X75.194 Y115.240 F1800
G1 X75.248 Y114.333 F1800
G1 X75.878 Y113.662 F1800
G1 X76.838 Y113.616 F1800
G1 X77.658 Y113.980 F1800
G1 X77.969 Y114.523 F1800
G0 Z2.000 F900
G0 X80.542 Y117.125 F4500
G0 Z0.000 F900
G1 X81.458 Y117.074 F1800
G1 X82.366 Y116.980 F1800
G1 X83.263 Y117.004 F1800
G1 X83.579 Y116.987 F1800
G0 Z0.400 F900
G0 X82.147 Y117.027 F4500
G0 Z0.000 F900
G1 X82.021 Y116.118 F1800
G1 X81.845 Y115.214 F1800
G1 X81.774 Y114.298 F1800
G1 X81.684 Y113.590 F1800
G0 Z2.000 F900
G0 X86.534 Y114.057 F4500
G0 Z0.000 F900
G1 X86.563 Y114.973 F1800
G1 X86.557 Y115.894 F1800
G1 X86.728 Y116.797 F1800
G1 X86.930 Y117.668 F1800
G1 X87.825 Y117.615 F1800
G1 X88.710 Y117.683 F1800
G1 X89.630 Y117.716 F1800
G1 X90.074 Y117.249 F1800
G1 X90.007 Y116.329 F1800
G1 X89.858 Y115.423 F1800
G1 X89.754 Y114.511 F1800
G1 X89.660 Y114.045 F1800
G0 Z2.000 F900
G0 X91.801 Y116.915 F4500
G0 Z0.000 F900
G1 X90.915 Y116.632 F1800
G1 X90.287 Y115.959 F1800
G1 X90.101 Y115.071 F1800
G1 X90.248 Y114.206 F1800
G1 X90.794 Y113.458 F1800
G1 X91.738 Y113.311 F1800
G1 X92.518 Y113.737 F1800
G1 X93.000 Y114.485 F1800
G1 X93.192 Y115.363 F1800
G1 X92.939 Y116.222 F1800
G1 X92.304 Y116.867 F1800
G1 X91.812 Y116.930 F1800
G0 Z2.000 F900
G0 X97.313 Y113.783 F4500
G0 Z0.000 F900
G1 X97.908 Y114.494 F1800
G1 X98.359 Y115.276 F1800
G1 X98.660 Y116.136 F1800
G1 X98.822 Y117.031 F1800
G1 X99.576 Y117.184 F1800
G1 X100.535 Y117.234 F1800
G1 X101.086 Y116.862 F1800
G1 X100.920 Y115.936 F1800
G1 X100.636 Y115.053 F1800
G1 X100.494 Y114.146 F1800
G1 X100.451 Y113.664 F1800
G0 Z2.000 F900
G0 X103.051 Y116.691 F4500
G0 Z0.000 F900
G1 X103.015 Y115.772 F1800
G1 X102.907 Y114.859 F1800
G1 X102.767 Y113.951 F1800
G1 X102.736 Y113.199 F1800
G1 X103.405 Y113.854 F1800
G1 X104.068 Y114.474 F1800
G1 X104.754 Y115.095 F1800
G1 X105.305 Y115.812 F1800
G1 X105.939 Y116.503 F1800
G1 X106.215 Y116.121 F1800
G1 X106.098 Y115.203 F1800
G1 X105.921 Y114.302 F1800
G1 X105.815 Y113.389 F1800
G1 X105.802 Y113.138 F1800
G0 Z2.000 F900
G0 X109.460 Y115.786 F4500
G0 Z0.000 F900
G1 X108.957 Y116.558 F1800
G1 X108.052 Y116.789 F1800
G1 X107.200 Y116.501 F1800
G1 X106.533 Y115.941 F1800
G1 X106.223 Y115.092 F1800
G1 X106.261 Y114.164 F1800
G1 X106.782 Y113.419 F1800
G1 X107.632 Y113.172 F1800
G1 X108.501 Y113.343 F1800
G1 X109.120 Y113.988 F1800
G1 X109.171 Y114.082 F1800
G0 Z2.000 F900
G0 X110.896 Y117.145 F4500
G0 Z0.000 F900
G1 X111.797 Y117.138 F1800
G1 X112.718 Y117.078 F1800
G1 X113.619 Y117.144 F1800
G1 X113.894 Y117.172 F1800
G0 Z0.400 F900
G0 X112.458 Y117.147 F4500
G0 Z0.000 F900
G1 X112.366 Y116.232 F1800
G1 X112.240 Y115.320 F1800
G1 X112.223 Y114.403 F1800
G1 X112.233 Y113.737 F1800
G0 Z2.000 F900
G0 X115.235 Y116.668 F4500
G0 Z0.000 F900
G1 X115.580 Y115.824 F1800
G1 X115.990 Y114.992 F1800
G1 X116.312 Y114.136 F1800
G1 X116.593 Y113.255 F1800
G1 X116.634 Y113.097 F1800
G0 Z2.000 F900
G0 X118.612 Y116.782 F4500
G0 Z0.000 F900
G1 X118.185 Y115.962 F1800
G1 X117.820 Y115.124 F1800
G1 X117.373 Y114.320 F1800
G1 X116.888 Y113.553 F1800
G1 X116.432 Y112.764 F1800
G1 X115.906 Y112.002 F1800
G1 X115.101 Y111.597 F1800
G1 X114.850 Y111.594 F1800
G0 Z2.000 F900
G0 X120.017 Y113.615 F4500
G0 Z0.000 F900
G1 X119.659 Y112.791 F1800
G1 X119.196 Y112.211 F1800
G0 Z2.000 F900
G0 X20.918 Y102.984 F4500
G0 Z0.000 F900
G1 X21.830 Y102.990 F1800
G1 X22.785 Y103.122 F1800
G1 X23.713 Y103.080 F1800
G1 X24.606 Y103.069 F1800
G1 X24.631 Y103.068 F1800
G0 Z0.400 F900
G0 X24.012 Y103.046 F4500
G0 Z0.000 F900
G1 X24.115 Y103.956 F1800
G1 X24.137 Y104.881 F1800
G1 X24.304 Y105.786 F1800
G1 X24.408 Y106.684 F1800
G1 X23.546 Y106.747 F1800
G1 X22.606 Y106.793 F1800
G1 X22.149 Y106.211 F1800
G1 X22.038 Y105.281 F1800
G1 X21.798 Y104.392 F1800
G1 X21.304 Y103.606 F1800
G1 X20.940 Y103.040 F1800
G0 Z0.400 F900
G0 X21.188 Y103.050 F4500
G0 Z0.000 F900
G1 X21.075 Y102.140 F1800
G1 X21.088 Y101.813 F1800
G0 Z2.000 F900
G0 X24.306 Y103.061 F4500
G0 Z0.000 F900
G1 X24.193 Y102.151 F1800
G1 X24.206 Y101.824 F1800
G0 Z2.000 F900
G0 X27.457 Y106.031 F4500
G0 Z0.000 F900
G1 X26.608 Y105.822 F1800
G1 X25.952 Y105.165 F1800
G1 X25.677 Y104.288 F1800
G1 X25.831 Y103.372 F1800
G1 X26.530 Y102.774 F1800
G1 X27.448 Y102.804 F1800
G1 X28.180 Y103.295 F1800
G1 X28.696 Y104.020 F1800
G1 X28.770 Y104.942 F1800
G1 X28.352 Y105.753 F1800
G1 X27.552 Y106.146 F1800
G1 X27.427 Y106.149 F1800
G0 Z2.000 F900
G0 X33.956 Y108.618 F4500
G0 Z0.000 F900
G1 X33.033 Y108.608 F1800
G1 X32.137 Y108.376 F1800
G1 X31.292 Y107.984 F1800
G1 X30.706 Y107.257 F1800
G1 X30.519 Y106.368 F1800
G1 X30.496 Y105.456 F1800
G1 X30.370 Y104.547 F1800
G1 X30.585 Y103.647 F1800
G1 X31.380 Y103.178 F1800
G1 X32.293 Y103.251 F1800
G1 X33.055 Y103.711 F1800
G1 X33.577 Y104.447 F1800
G1 X33.684 Y105.345 F1800
G1 X33.489 Y106.234 F1800
G1 X32.714 Y106.756 F1800
G1 X31.774 Y106.725 F1800
G1 X31.008 Y106.220 F1800
G1 X30.452 Y105.534 F1800
G1 X30.382 Y105.349 F1800
G0 Z2.000 F900
G0 X37.867 Y105.196 F4500
G0 Z0.000 F900
G1 X37.365 Y105.948 F1800
G1 X36.467 Y106.149 F1800
G1 X35.609 Y105.834 F1800
G1 X34.977 Y105.190 F1800
G1 X34.589 Y104.374 F1800
G1 X34.706 Y103.462 F1800
G1 X35.245 Y102.724 F1800
G1 X36.193 Y102.555 F1800
G1 X37.036 Y102.849 F1800
G1 X37.636 Y103.496 F1800
G1 X37.675 Y103.554 F1800
G0 Z2.000 F900
G0 X37.942 Y106.140 F4500
G0 Z0.000 F900
G1 X37.829 Y105.231 F1800
G1 X37.769 Y104.317 F1800
G1 X37.752 Y103.397 F1800
G1 X37.681 Y102.577 F1800
G0 Z2.000 F900
G0 X39.110 Y106.497 F4500
G0 Z0.000 F900
G1 X38.981 Y105.589 F1800
G1 X38.892 Y104.677 F1800
G1 X38.846 Y103.756 F1800
G1 X38.666 Y102.906 F1800
G0 Z2.000 F900
G0 X39.175 Y106.418 F4500
G0 Z0.000 F900
G1 X40.095 Y106.402 F1800
G1 X41.022 Y106.410 F1800
G1 X41.949 Y106.185 F1800
G1 X42.047 Y105.274 F1800
G1 X41.248 Y104.803 F1800
G1 X40.322 Y104.795 F1800
G1 X39.391 Y104.788 F1800
G1 X38.898 Y104.773 F1800
G0 Z0.400 F900
G0 X38.899 Y104.711 F4500
G0 Z0.000 F900
G1 X39.819 Y104.694 F1800
G1 X40.747 Y104.710 F1800
G1 X41.691 Y104.596 F1800
G1 X42.135 Y103.786 F1800
G1 X41.565 Y103.079 F1800
G1 X40.661 Y102.921 F1800
G1 X39.736 Y102.900 F1800
G1 X38.847 Y102.904 F1800
G1 X38.612 Y102.919 F1800
G0 Z2.000 F900
G0 X42.823 Y105.798 F4500
G0 Z0.000 F900
G1 X42.581 Y104.901 F1800
G1 X42.464 Y103.992 F1800
G1 X42.312 Y103.088 F1800
G1 X42.421 Y102.550 F1800
G1 X43.124 Y103.167 F1800
G1 X43.795 Y103.781 F1800
G1 X44.409 Y104.478 F1800
G1 X45.026 Y105.124 F1800
G1 X45.763 Y105.767 F1800
G1 X45.605 Y104.819 F1800
G1 X45.476 Y103.915 F1800
G1 X45.349 Y103.007 F1800
G1 X45.237 Y102.320 F1800
G0 Z0.400 F900
G0 X46.054 Y103.044 F4500
G0 Z0.000 F900
G1 X46.596 Y103.790 F1800
G1 X46.934 Y104.632 F1800
G1 X47.114 Y105.529 F1800
G1 X47.235 Y106.466 F1800
G1 X48.157 Y106.476 F1800
G1 X49.070 Y106.430 F1800
G1 X49.355 Y105.929 F1800
G1 X49.246 Y105.024 F1800
G1 X49.191 Y104.109 F1800
G1 X49.057 Y103.199 F1800
G1 X49.050 Y103.088 F1800
G0 Z2.000 F900
G0 X54.372 Y105.763 F4500
G0 Z0.000 F900
G1 X53.804 Y106.475 F1800
G1 X52.937 Y106.711 F1800
G1 X52.044 Y106.491 F1800
G1 X51.380 Y105.863 F1800
G1 X51.073 Y104.996 F1800
G1 X51.192 Y104.120 F1800
G1 X51.624 Y103.349 F1800
G1 X52.492 Y102.977 F1800
G1 X53.419 Y103.066 F1800
G1 X54.093 Y103.696 F1800
G1 X54.263 Y104.028 F1800
G0 Z2.000 F900
G0 X54.358 Y106.722 F4500
G0 Z0.000 F900
G1 X54.313 Y105.806 F1800
G1 X54.289 Y104.891 F1800
G1 X54.251 Y103.975 F1800
G1 X54.227 Y103.059 F1800
G1 X54.227 Y103.051 F1800
G0 Z2.000 F900
G0 X59.872 Y102.307 F4500
G0 Z0.000 F900
G1 X60.771 Y102.231 F1800
G1 X61.666 Y102.162 F1800
G1 X62.564 Y102.107 F1800
G1 X63.232 Y102.136 F1800
G0 Z0.400 F900
G0 X62.573 Y102.171 F4500
G0 Z0.000 F900
G1 X62.711 Y103.077 F1800
G1 X62.838 Y103.983 F1800
G1 X62.953 Y104.900 F1800
G1 X62.737 Y105.559 F1800
G1 X61.837 Y105.575 F1800
G1 X61.064 Y105.434 F1800
G1 X60.906 Y104.539 F1800
G1 X60.627 Y103.658 F1800
G1 X60.171 Y102.866 F1800
G1 X59.779 Y102.258 F1800
G0 Z0.400 F900
G0 X60.255 Y102.207 F4500
G0 Z0.000 F900
G1 X60.085 Y101.302 F1800
G1 X60.035 Y101.088 F1800
G0 Z2.000 F900
G0 X63.117 Y102.145 F4500
G0 Z0.000 F900
G1 X62.947 Y101.240 F1800
G1 X62.897 Y101.026 F1800
G0 Z2.000 F900
G0 X64.681 Y106.893 F4500
G0 Z0.000 F900
G1 X64.446 Y106.000 F1800
G1 X64.304 Y105.094 F1800
G1 X64.245 Y104.183 F1800
G1 X64.079 Y103.279 F1800
G1 X64.016 Y102.359 F1800
G1 X63.896 Y101.563 F1800
G0 Z2.000 F900
G0 X64.437 Y105.957 F4500
G0 Z0.000 F900
G1 X65.097 Y106.559 F1800
G1 X65.947 Y106.819 F1800
G1 X66.877 Y106.710 F1800
G1 X67.488 Y106.082 F1800
G1 X67.712 Y105.207 F1800
G1 X67.485 Y104.296 F1800
G1 X66.889 Y103.604 F1800
G1 X66.057 Y103.289 F1800
G1 X65.168 Y103.255 F1800
G1 X64.470 Y103.779 F1800
G1 X64.257 Y104.202 F1800
G0 Z2.000 F900
G0 X70.992 Y105.948 F4500
G0 Z0.000 F900
G1 X70.134 Y105.684 F1800
G1 X69.540 Y105.020 F1800
G1 X69.301 Y104.159 F1800
G1 X69.339 Y103.254 F1800
G1 X69.980 Y102.581 F1800
G1 X70.886 Y102.540 F1800
G1 X71.590 Y103.079 F1800
G1 X72.112 Y103.791 F1800
G1 X72.325 Y104.688 F1800
G1 X71.981 Y105.556 F1800
G1 X71.127 Y105.886 F1800
G1 X71.030 Y105.891 F1800
G0 Z2.000 F900
G0 X75.267 Y106.258 F4500
G0 Z0.000 F900
G1 X75.005 Y105.371 F1800
G1 X74.861 Y104.464 F1800
G1 X74.788 Y103.547 F1800
G1 X74.672 Y102.840 F1800
G0 Z0.400 F900
G0 X74.902 Y104.511 F4500
G0 Z0.000 F900
G1 X74.312 Y105.223 F1800
G1 X73.623 Y105.840 F1800
G1 X73.017 Y106.320 F1800
G0 Z2.000 F900
G0 X74.976 Y104.505 F4500
G0 Z0.000 F900
G1 X74.149 Y104.092 F1800
G1 X73.384 Y103.570 F1800
G1 X72.662 Y102.996 F1800
G1 X72.504 Y102.871 F1800
G0 Z2.000 F900
G0 X74.909 Y104.604 F4500
G0 Z0.000 F900
G1 X75.736 Y105.017 F1800
G1 X76.479 Y105.539 F1800
G1 X77.194 Y106.113 F1800
G1 X77.353 Y106.238 F1800
G0 Z2.000 F900
G0 X74.983 Y104.598 F4500
G0 Z0.000 F900
G1 X75.573 Y103.886 F1800
G1 X76.240 Y103.269 F1800
G1 X76.838 Y102.790 F1800
G0 Z2.000 F900
G0 X82.064 Y105.533 F4500
G0 Z0.000 F900
G1 X81.556 Y106.247 F1800
G1 X80.695 Y106.419 F1800
G1 X79.815 Y106.275 F1800
G1 X79.214 Y105.572 F1800
G1 X78.943 Y104.674 F1800
G1 X79.158 Y103.782 F1800
G1 X79.882 Y103.223 F1800
G1 X80.781 Y103.226 F1800
G1 X81.596 Y103.512 F1800
G1 X81.939 Y103.970 F1800
G0 Z2.000 F900
G0 X82.227 Y106.450 F4500
G0 Z0.000 F900
G1 X82.133 Y105.539 F1800
G1 X82.057 Y104.625 F1800
G1 X81.851 Y103.728 F1800
G1 X81.801 Y103.081 F1800
G0 Z2.000 F900
G0 X82.665 Y106.592 F4500
G0 Z0.000 F900
G1 X82.508 Y105.686 F1800
G1 X82.385 Y104.777 F1800
G1 X82.264 Y103.866 F1800
G1 X82.290 Y103.135 F1800
G0 Z2.000 F900
G0 X85.740 Y106.563 F4500
G0 Z0.000 F900
G1 X85.584 Y105.657 F1800
G1 X85.461 Y104.749 F1800
G1 X85.340 Y103.838 F1800
G1 X85.366 Y103.107 F1800
G0 Z2.000 F900
G0 X82.446 Y104.938 F4500
G0 Z0.000 F900
G1 X83.352 Y104.884 F1800
G1 X84.267 Y104.853 F1800
G1 X85.169 Y104.840 F1800
G1 X85.510 Y104.857 F1800
G0 Z2.000 F900
G0 X87.235 Y106.319 F4500
G0 Z0.000 F900
G1 X87.095 Y105.410 F1800
G1 X86.956 Y104.501 F1800
G1 X86.896 Y103.586 F1800
G1 X86.999 Y102.907 F1800
G1 X87.645 Y103.617 F1800
G1 X88.227 Y104.316 F1800
G1 X88.845 Y104.968 F1800
G1 X89.583 Y105.544 F1800
G1 X90.189 Y106.214 F1800
G1 X90.144 Y105.469 F1800
G1 X90.094 Y104.556 F1800
G1 X90.064 Y103.639 F1800
G1 X90.041 Y102.804 F1800
G0 Z2.000 F900
G0 X91.342 Y104.574 F4500
G0 Z0.000 F900
G1 X92.235 Y104.666 F1800
G1 X93.133 Y104.650 F1800
G1 X94.044 Y104.676 F1800
G1 X94.323 Y105.293 F1800
G1 X93.894 Y106.070 F1800
G1 X93.046 Y106.423 F1800
G1 X92.173 Y106.101 F1800
G1 X91.582 Y105.377 F1800
G1 X91.373 Y104.518 F1800
G1 X91.402 Y103.617 F1800
G1 X92.016 Y102.939 F1800
G1 X92.956 Y102.866 F1800
G1 X93.788 Y103.255 F1800
G1 X94.164 Y103.703 F1800
G0 Z2.000 F900
G0 X98.558 Y103.237 F4500
G0 Z0.000 F900
G1 X98.684 Y104.143 F1800
G1 X98.770 Y105.057 F1800
G1 X98.846 Y105.973 F1800
G1 X98.927 Y106.910 F1800
G1 X99.815 Y106.938 F1800
G1 X100.739 Y107.005 F1800
G1 X101.639 Y106.963 F1800
G1 X102.105 Y106.583 F1800
G1 X101.943 Y105.690 F1800
G1 X101.975 Y104.769 F1800
G1 X101.951 Y103.851 F1800
G1 X101.885 Y103.284 F1800
G0 Z0.400 F900
G0 X103.519 Y104.348 F4500
G0 Z0.000 F900
G1 X104.433 Y104.438 F1800
G1 X105.335 Y104.504 F1800
G1 X106.218 Y104.476 F1800
G1 X106.474 Y105.166 F1800
G1 X106.001 Y105.940 F1800
G1 X105.076 Y106.094 F1800
G1 X104.213 Y105.768 F1800
G1 X103.715 Y105.028 F1800
G1 X103.520 Y104.156 F1800
G1 X103.677 Y103.255 F1800
G1 X104.388 Y102.642 F1800
G1 X105.289 Y102.761 F1800
G1 X106.018 Y103.260 F1800
G1 X106.239 Y103.569 F1800
G0 Z2.000 F900
G0 X108.041 Y105.940 F4500
G0 Z0.000 F900
G1 X107.923 Y105.029 F1800
G1 X107.829 Y104.115 F1800
G1 X107.716 Y103.206 F1800
G1 X107.700 Y102.286 F1800
G1 X107.696 Y101.367 F1800
G1 X107.646 Y100.903 F1800
G0 Z2.000 F900
G0 X107.972 Y105.005 F4500
G0 Z0.000 F900
G1 X108.562 Y105.667 F1800
G1 X109.392 Y105.932 F1800
G1 X110.253 Y105.705 F1800
G1 X110.856 Y105.071 F1800
G1 X111.034 Y104.156 F1800
G1 X110.707 Y103.287 F1800
G1 X110.025 Y102.689 F1800
G1 X109.140 Y102.519 F1800
G1 X108.247 Y102.744 F1800
G1 X107.803 Y103.399 F1800
G0 Z2.000 F900
G0 X115.186 Y105.587 F4500
G0 Z0.000 F900
G1 X114.579 Y106.281 F1800
G1 X113.660 Y106.399 F1800
G1 X112.842 Y106.102 F1800
G1 X112.244 Y105.464 F1800
G1 X111.995 Y104.591 F1800
G1 X112.053 Y103.666 F1800
G1 X112.747 Y103.050 F1800
G1 X113.650 Y103.036 F1800
G1 X114.483 Y103.434 F1800
G1 X114.950 Y103.940 F1800
G0 Z2.000 F900
G0 X115.143 Y106.466 F4500
G0 Z0.000 F900
G1 X115.063 Y105.550 F1800
G1 X115.017 Y104.632 F1800
G1 X114.956 Y103.719 F1800
G1 X114.871 Y103.013 F1800
G0 Z0.400 F900
G0 X116.206 Y103.062 F4500
G0 Z0.000 F900
G1 X115.896 Y102.233 F1800
G1 X115.444 Y101.604 F1800
G0 Z2.000 F900
G0 X19.840 Y95.814 F4500
G0 Z0.000 F900
G1 X19.744 Y94.903 F1800
G1 X19.756 Y93.982 F1800
G1 X19.669 Y93.070 F1800
G1 X19.589 Y92.157 F1800
G1 X19.582 Y92.109 F1800
G0 Z2.000 F900
G0 X23.116 Y95.908 F4500
G0 Z0.000 F900
G1 X23.021 Y94.997 F1800
G1 X23.033 Y94.076 F1800
G1 X22.946 Y93.164 F1800
G1 X22.865 Y92.251 F1800
G1 X22.858 Y92.203 F1800
G0 Z2.000 F900
G0 X19.711 Y93.963 F4500
G0 Z0.000 F900
G1 X20.633 Y93.974 F1800
G1 X21.557 Y94.087 F1800
G1 X22.482 Y94.102 F1800
G1 X23.011 Y94.126 F1800
G0 Z2.000 F900
G0 X27.309 Y94.872 F4500
G0 Z0.000 F900
G1 X26.752 Y95.621 F1800
G1 X25.859 Y95.698 F1800
G1 X25.046 Y95.380 F1800
G1 X24.463 Y94.721 F1800
G1 X24.087 Y93.873 F1800
G1 X24.281 Y92.961 F1800
G1 X24.999 Y92.350 F1800
G1 X25.927 Y92.313 F1800
G1 X26.722 Y92.669 F1800
G1 X27.109 Y93.258 F1800
G0 Z2.000 F900
G0 X27.309 Y95.771 F4500
G0 Z0.000 F900
G1 X27.177 Y94.860 F1800
G1 X27.253 Y93.938 F1800
G1 X27.232 Y93.021 F1800
G1 X27.187 Y92.308 F1800
G0 Z2.000 F900
G0 X28.608 Y95.272 F4500
G0 Z0.000 F900
G1 X28.570 Y94.354 F1800
G1 X28.550 Y93.437 F1800
G1 X28.398 Y92.530 F1800
G1 X28.295 Y91.894 F1800
G0 Z2.000 F900
G0 X31.251 Y95.354 F4500
G0 Z0.000 F900
G1 X30.549 Y94.764 F1800
G1 X29.871 Y94.185 F1800
G1 X29.095 Y93.675 F1800
G1 X28.451 Y93.234 F1800
G0 Z0.400 F900
G0 X29.444 Y93.963 F4500
G0 Z0.000 F900
G1 X30.065 Y93.282 F1800
G1 X30.706 Y92.593 F1800
G1 X31.171 Y91.951 F1800
G0 Z2.000 F900
G0 X33.351 Y92.178 F4500
G0 Z0.000 F900
G1 X33.879 Y92.916 F1800
G1 X34.224 Y93.748 F1800
G1 X34.506 Y94.614 F1800
G1 X34.809 Y95.457 F1800
G1 X35.412 Y95.759 F1800
G1 X36.351 Y95.752 F1800
G1 X37.029 Y95.569 F1800
G1 X36.966 Y94.666 F1800
G1 X36.789 Y93.762 F1800
G1 X36.600 Y92.866 F1800
G1 X36.490 Y92.157 F1800
G0 Z2.000 F900
G0 X38.140 Y95.684 F4500
G0 Z0.000 F900
G1 X37.225 Y95.476 F1800
G1 X36.566 Y94.799 F1800
G1 X36.299 Y93.925 F1800
G1 X36.480 Y93.048 F1800
G1 X37.001 Y92.350 F1800
G1 X37.857 Y92.076 F1800
G1 X38.765 Y92.304 F1800
G1 X39.328 Y93.046 F1800
G1 X39.472 Y93.944 F1800
G1 X39.322 Y94.812 F1800
G1 X38.788 Y95.490 F1800
G1 X38.112 Y95.670 F1800
G0 Z2.000 F900
G0 X41.703 Y95.129 F4500
G0 Z0.000 F900
G1 X41.694 Y94.210 F1800
G1 X41.543 Y93.306 F1800
G1 X41.398 Y92.401 F1800
G1 X41.282 Y91.768 F1800
G0 Z2.000 F900
G0 X44.701 Y95.113 F4500
G0 Z0.000 F900
G1 X44.692 Y94.194 F1800
G1 X44.541 Y93.290 F1800
G1 X44.396 Y92.385 F1800
G1 X44.280 Y91.752 F1800
G0 Z2.000 F900
G0 X41.521 Y93.483 F4500
G0 Z0.000 F900
G1 X42.457 Y93.551 F1800
G1 X43.386 Y93.481 F1800
G1 X44.313 Y93.420 F1800
G1 X44.560 Y93.396 F1800
G0 Z2.000 F900
G0 X49.020 Y95.750 F4500
G0 Z0.000 F900
G1 X48.915 Y94.838 F1800
G1 X48.881 Y93.920 F1800
G1 X48.787 Y93.005 F1800
G1 X48.962 Y92.576 F1800
G1 X49.564 Y93.276 F1800
G1 X50.221 Y93.897 F1800
G1 X50.917 Y94.507 F1800
G1 X51.487 Y95.213 F1800
G1 X51.978 Y95.674 F1800
G1 X51.996 Y94.797 F1800
G1 X51.987 Y93.880 F1800
G1 X51.837 Y92.971 F1800
G1 X51.743 Y92.431 F1800
G0 Z2.000 F900
G0 X55.922 Y91.839 F4500
G0 Z0.000 F900
G1 X56.065 Y92.744 F1800
G1 X56.156 Y93.658 F1800
G1 X56.288 Y94.563 F1800
G1 X56.482 Y95.338 F1800
G1 X57.381 Y95.378 F1800
G1 X58.255 Y95.478 F1800
G1 X59.197 Y95.435 F1800
G1 X59.430 Y94.787 F1800
G1 X59.276 Y93.875 F1800
G1 X59.241 Y92.961 F1800
G1 X59.076 Y92.057 F1800
G1 X59.051 Y91.869 F1800
G0 Z0.400 F900
G0 X59.614 Y92.297 F4500
G0 Z0.000 F900
G1 X60.186 Y93.011 F1800
G1 X60.495 Y93.886 F1800
G1 X60.750 Y94.775 F1800
G1 X60.857 Y95.707 F1800
G1 X61.732 Y95.790 F1800
G1 X62.627 Y95.658 F1800
G1 X62.871 Y95.093 F1800
G1 X62.793 Y94.190 F1800
G1 X62.730 Y93.275 F1800
G1 X62.670 Y92.362 F1800
G1 X62.678 Y92.255 F1800
G0 Z2.000 F900
G0 X68.366 Y95.012 F4500
G0 Z0.000 F900
G1 X67.772 Y95.660 F1800
G1 X66.862 Y95.780 F1800
G1 X66.010 Y95.569 F1800
G1 X65.390 Y94.897 F1800
G1 X65.261 Y93.969 F1800
G1 X65.527 Y93.122 F1800
G1 X66.218 Y92.597 F1800
G1 X67.090 Y92.460 F1800
G1 X67.935 Y92.881 F1800
G1 X68.294 Y93.386 F1800
G0 Z2.000 F900
G0 X68.379 Y95.908 F4500
G0 Z0.000 F900
G1 X68.393 Y94.989 F1800
G1 X68.327 Y94.072 F1800
G1 X68.202 Y93.162 F1800
G1 X68.133 Y92.503 F1800
G0 Z2.000 F900
G0 X68.947 Y95.954 F4500
G0 Z0.000 F900
G1 X68.946 Y95.037 F1800
G1 X68.847 Y94.124 F1800
G1 X68.706 Y93.214 F1800
G1 X68.550 Y92.520 F1800
G0 Z2.000 F900
G0 X68.941 Y95.961 F4500
G0 Z0.000 F900
G1 X69.882 Y96.030 F1800
G1 X70.795 Y96.024 F1800
G1 X71.607 Y95.680 F1800
G1 X71.521 Y94.883 F1800
G1 X70.811 Y94.447 F1800
G1 X69.936 Y94.329 F1800
G1 X69.016 Y94.234 F1800
G1 X68.809 Y94.242 F1800
G0 Z0.400 F900
G0 X68.807 Y94.316 F4500
G0 Z0.000 F900
G1 X69.748 Y94.386 F1800
G1 X70.658 Y94.391 F1800
G1 X71.515 Y94.160 F1800
G1 X71.768 Y93.400 F1800
G1 X71.255 Y92.774 F1800
G1 X70.409 Y92.547 F1800
G1 X69.488 Y92.451 F1800
G1 X68.673 Y92.478 F1800
G0 Z2.000 F900
G0 X76.411 Y95.394 F4500
G0 Z0.000 F900
G1 X75.831 Y96.114 F1800
G1 X74.944 Y96.221 F1800
G1 X74.154 Y95.854 F1800
G1 X73.525 Y95.234 F1800
G1 X73.221 Y94.354 F1800
G1 X73.440 Y93.463 F1800
G1 X74.138 Y92.868 F1800
G1 X75.050 Y92.867 F1800
G1 X75.862 Y93.256 F1800
G1 X76.243 Y93.775 F1800
G0 Z2.000 F900
G0 X76.392 Y96.281 F4500
G0 Z0.000 F900
G1 X76.295 Y95.368 F1800
G1 X76.324 Y94.449 F1800
G1 X76.348 Y93.529 F1800
G1 X76.244 Y92.845 F1800
G0 Z2.000 F900
G0 X78.371 Y96.682 F4500
G0 Z0.000 F900
G1 X78.346 Y95.766 F1800
G1 X78.343 Y94.847 F1800
G1 X78.253 Y93.934 F1800
G1 X78.227 Y93.115 F1800
G0 Z0.400 F900
G0 X78.308 Y94.866 F4500
G0 Z0.000 F900
G1 X79.239 Y94.926 F1800
G1 X79.583 Y94.974 F1800
G0 Z2.000 F900
G0 X81.256 Y96.839 F4500
G0 Z0.000 F900
G1 X80.412 Y96.524 F1800
G1 X79.856 Y95.801 F1800
G1 X79.589 Y94.937 F1800
G1 X79.754 Y94.056 F1800
G1 X80.293 Y93.378 F1800
G1 X81.162 Y93.225 F1800
G1 X82.040 Y93.565 F1800
G1 X82.604 Y94.318 F1800
G1 X82.681 Y95.230 F1800
G1 X82.460 Y96.076 F1800
G1 X81.833 Y96.675 F1800
G1 X81.290 Y96.806 F1800
G0 Z2.000 F900
G0 X84.392 Y96.392 F4500
G0 Z0.000 F900
G1 X84.230 Y95.491 F1800
G1 X84.024 Y94.592 F1800
G1 X83.944 Y93.678 F1800
G1 X83.876 Y92.805 F1800
G1 X84.773 Y92.791 F1800
G1 X85.727 Y92.830 F1800
G1 X86.635 Y92.819 F1800
G1 X87.555 Y92.791 F1800
G1 X88.453 Y92.691 F1800
G1 X89.247 Y92.689 F1800
G1 X89.187 Y91.809 F1800
G1 X89.156 Y91.491 F1800
G0 Z2.000 F900
G0 X89.211 Y96.387 F4500
G0 Z0.000 F900
G1 X89.049 Y95.485 F1800
G1 X88.842 Y94.587 F1800
G1 X88.762 Y93.673 F1800
G1 X88.682 Y92.775 F1800
G0 Z2.000 F900
G0 X86.802 Y96.390 F4500
G0 Z0.000 F900
G1 X86.639 Y95.488 F1800
G1 X86.433 Y94.590 F1800
G1 X86.353 Y93.676 F1800
G1 X86.273 Y92.777 F1800
G0 Z2.000 F900
G0 X89.793 Y96.111 F4500
G0 Z0.000 F900
G1 X90.057 Y95.226 F1800
G1 X90.342 Y94.346 F1800
G1 X90.599 Y93.469 F1800
G1 X90.936 Y92.691 F1800
G0 Z2.000 F900
G0 X92.930 Y95.964 F4500
G0 Z0.000 F900
G1 X92.430 Y95.208 F1800
G1 X91.949 Y94.443 F1800
G1 X91.440 Y93.674 F1800
G1 X91.031 Y92.848 F1800
G1 X90.598 Y92.027 F1800
G1 X89.890 Y91.417 F1800
G1 X89.199 Y91.359 F1800
G0 Z2.000 F900
G0 X94.780 Y96.539 F4500
G0 Z0.000 F900
G1 X94.622 Y95.632 F1800
G1 X94.370 Y94.740 F1800
G1 X94.310 Y93.823 F1800
G1 X94.258 Y93.029 F1800
G0 Z0.400 F900
G0 X94.493 Y94.887 F4500
G0 Z0.000 F900
G1 X95.387 Y94.846 F1800
G1 X95.722 Y94.792 F1800
G0 Z2.000 F900
G0 X97.558 Y96.408 F4500
G0 Z0.000 F900
G1 X96.670 Y96.196 F1800
G1 X95.934 Y95.635 F1800
G1 X95.688 Y94.732 F1800
G1 X95.842 Y93.828 F1800
G1 X96.441 Y93.168 F1800
G1 X97.281 Y92.985 F1800
G1 X98.087 Y93.314 F1800
G1 X98.733 Y93.972 F1800
G1 X98.900 Y94.899 F1800
G1 X98.647 Y95.753 F1800
G1 X98.007 Y96.344 F1800
G1 X97.547 Y96.483 F1800
G0 Z2.000 F900
G0 X23.557 Y85.540 F4500
G0 Z0.000 F900
G1 X22.997 Y86.195 F1800
G1 X22.121 Y86.356 F1800
G1 X21.304 Y86.069 F1800
G1 X20.684 Y85.403 F1800
G1 X20.503 Y84.483 F1800
G1 X20.763 Y83.602 F1800
G1 X21.528 Y83.096 F1800
G1 X22.433 Y83.128 F1800
G1 X23.154 Y83.652 F1800
G1 X23.320 Y83.952 F1800
G0 Z2.000 F900
G0 X24.861 Y86.133 F4500
G0 Z0.000 F900
G1 X25.805 Y86.032 F1800
G1 X26.687 Y85.988 F1800
G1 X27.603 Y86.027 F1800
G1 X28.061 Y86.108 F1800
G0 Z0.400 F900
G0 X26.562 Y86.050 F4500
G0 Z0.000 F900
G1 X26.409 Y85.145 F1800
G1 X26.251 Y84.235 F1800
G1 X26.211 Y83.318 F1800
G1 X26.244 Y82.432 F1800
G0 Z2.000 F900
G0 X27.980 Y86.355 F4500
G0 Z0.000 F900
G1 X27.768 Y85.464 F1800
G1 X27.649 Y84.556 F1800
G1 X27.512 Y83.647 F1800
G1 X27.372 Y82.736 F1800
G1 X27.318 Y81.820 F1800
G1 X27.284 Y81.193 F1800
G0 Z2.000 F900
G0 X27.689 Y85.477 F4500
G0 Z0.000 F900
G1 X28.424 Y86.052 F1800
G1 X29.289 Y86.293 F1800
G1 X30.144 Y86.112 F1800
G1 X30.714 Y85.464 F1800
G1 X30.883 Y84.561 F1800
G1 X30.646 Y83.669 F1800
G1 X29.955 Y83.069 F1800
G1 X29.100 Y82.834 F1800
G1 X28.173 Y82.878 F1800
G1 X27.582 Y83.557 F1800
G1 X27.526 Y83.740 F1800
G0 Z2.000 F900
G0 X34.901 Y86.073 F4500
G0 Z0.000 F900
G1 X34.027 Y85.875 F1800
G1 X33.306 Y85.283 F1800
G1 X33.018 Y84.407 F1800
G1 X33.179 Y83.496 F1800
G1 X33.692 Y82.783 F1800
G1 X34.513 Y82.478 F1800
G1 X35.360 Y82.732 F1800
G1 X36.070 Y83.316 F1800
G1 X36.363 Y84.199 F1800
G1 X36.264 Y85.102 F1800
G1 X35.741 Y85.800 F1800
G1 X34.901 Y86.161 F1800
G1 X34.860 Y86.165 F1800
G0 Z0.400 F900
G0 X36.434 Y86.070 F4500
G0 Z0.000 F900
G1 X36.228 Y85.166 F1800
G1 X36.139 Y84.252 F1800
G1 X36.056 Y83.339 F1800
G1 X36.020 Y82.607 F1800
G0 Z2.000 F900
G0 X39.113 Y85.981 F4500
G0 Z0.000 F900
G1 X38.284 Y85.535 F1800
G1 X37.522 Y84.993 F1800
G1 X36.774 Y84.466 F1800
G1 X36.153 Y83.988 F1800
G0 Z0.400 F900
G0 X37.302 Y84.777 F4500
G0 Z0.000 F900
G1 X37.769 Y83.996 F1800
G1 X38.329 Y83.287 F1800
G1 X38.899 Y82.568 F1800
G1 X38.924 Y82.536 F1800
G0 Z2.000 F900
G0 X41.453 Y86.544 F4500
G0 Z0.000 F900
G1 X41.777 Y85.693 F1800
G1 X42.043 Y84.816 F1800
G1 X42.436 Y83.976 F1800
G1 X42.724 Y83.104 F1800
G1 X42.768 Y82.893 F1800
G0 Z2.000 F900
G0 X44.858 Y86.501 F4500
G0 Z0.000 F900
G1 X44.409 Y85.689 F1800
G1 X43.909 Y84.918 F1800
G1 X43.525 Y84.087 F1800
G1 X43.045 Y83.309 F1800
G1 X42.502 Y82.570 F1800
G1 X42.005 Y81.823 F1800
G1 X41.196 Y81.421 F1800
G1 X40.909 Y81.433 F1800
G0 Z2.000 F900
G0 X48.204 Y84.648 F4500
G0 Z0.000 F900
G1 X49.125 Y84.731 F1800
G1 X50.040 Y84.761 F1800
G1 X50.988 Y84.714 F1800
G1 X51.905 Y84.728 F1800
G1 X52.792 Y84.744 F1800
G1 X53.239 Y84.715 F1800
G0 Z2.000 F900
G0 X56.560 Y86.379 F4500
G0 Z0.000 F900
G1 X56.433 Y85.470 F1800
G1 X56.418 Y84.554 F1800
G1 X56.385 Y83.636 F1800
G1 X56.302 Y82.837 F1800
G1 X56.878 Y83.439 F1800
G1 X57.580 Y84.047 F1800
G1 X58.174 Y84.747 F1800
G1 X58.816 Y85.404 F1800
G1 X59.453 Y86.093 F1800
G1 X59.779 Y86.071 F1800
G1 X59.774 Y85.151 F1800
G1 X59.621 Y84.241 F1800
G1 X59.469 Y83.333 F1800
G1 X59.391 Y82.841 F1800
G0 Z2.000 F900
G0 X64.153 Y82.612 F4500
G0 Z0.000 F900
G1 X64.299 Y83.518 F1800
G1 X64.378 Y84.432 F1800
G1 X64.543 Y85.338 F1800
G1 X64.682 Y86.161 F1800
G1 X65.578 Y86.147 F1800
G1 X66.460 Y86.233 F1800
G1 X67.412 Y86.236 F1800
G1 X67.720 Y85.619 F1800
G1 X67.517 Y84.707 F1800
G1 X67.441 Y83.794 F1800
G1 X67.399 Y82.879 F1800
G1 X67.415 Y82.628 F1800
G0 Z2.000 F900
G0 X69.347 Y85.994 F4500
G0 Z0.000 F900
G1 X69.350 Y85.075 F1800
G1 X69.238 Y84.161 F1800
G1 X69.073 Y83.254 F1800
G1 X68.948 Y82.347 F1800
G1 X68.995 Y81.424 F1800
G1 X69.003 Y80.891 F1800
G0 Z2.000 F900
G0 X69.306 Y85.037 F4500
G0 Z0.000 F900
G1 X69.870 Y85.771 F1800
G1 X70.730 Y86.027 F1800
G1 X71.590 Y85.759 F1800
G1 X72.128 Y85.052 F1800
G1 X72.365 Y84.192 F1800
G1 X72.155 Y83.283 F1800
G1 X71.440 Y82.657 F1800
G1 X70.559 Y82.495 F1800
G1 X69.705 Y82.724 F1800
G1 X69.112 Y83.355 F1800
G1 X69.095 Y83.392 F1800
G0 Z2.000 F900
G0 X73.612 Y84.568 F4500
G0 Z0.000 F900
G1 X74.550 Y84.679 F1800
G1 X75.468 Y84.609 F1800
G1 X76.390 Y84.608 F1800
G1 X76.731 Y85.213 F1800
G1 X76.333 Y86.051 F1800
G1 X75.418 Y86.329 F1800
G1 X74.584 Y86.027 F1800
G1 X73.918 Y85.467 F1800
G1 X73.627 Y84.598 F1800
G1 X73.683 Y83.674 F1800
G1 X74.252 Y82.957 F1800
G1 X75.125 Y82.846 F1800
G1 X75.923 Y83.169 F1800
G1 X76.537 Y83.636 F1800
G0 Z2.000 F900
G0 X76.557 Y86.869 F4500
G0 Z0.000 F900
G1 X76.395 Y85.963 F1800
G1 X76.254 Y85.054 F1800
G1 X76.154 Y84.142 F1800
G1 X76.054 Y83.346 F1800
G0 Z2.000 F900
G0 X76.587 Y86.834 F4500
G0 Z0.000 F900
G1 X77.476 Y86.818 F1800
G1 X78.368 Y86.803 F1800
G1 X79.213 Y86.541 F1800
G1 X79.287 Y85.719 F1800
G1 X78.576 Y85.169 F1800
G1 X77.640 Y85.115 F1800
G1 X76.728 Y85.189 F1800
G1 X76.340 Y85.244 F1800
G0 Z0.400 F900
G0 X76.356 Y85.151 F4500
G0 Z0.000 F900
G1 X77.244 Y85.135 F1800
G1 X78.139 Y85.129 F1800
G1 X79.021 Y84.968 F1800
G1 X79.432 Y84.225 F1800
G1 X78.950 Y83.475 F1800
G1 X78.026 Y83.278 F1800
G1 X77.110 Y83.345 F1800
G1 X76.187 Y83.404 F1800
G1 X76.084 Y83.397 F1800
G0 Z2.000 F900
G0 X81.340 Y86.810 F4500
G0 Z0.000 F900
G1 X81.251 Y85.896 F1800
G1 X81.127 Y84.984 F1800
G1 X81.069 Y84.071 F1800
G1 X80.971 Y83.162 F1800
G1 X80.814 Y82.256 F1800
G1 X80.707 Y81.760 F1800
G0 Z2.000 F900
G0 X81.230 Y85.883 F4500
G0 Z0.000 F900
G1 X81.803 Y86.581 F1800
G1 X82.648 Y86.853 F1800
G1 X83.579 Y86.678 F1800
G1 X84.173 Y85.962 F1800
G1 X84.211 Y85.060 F1800
G1 X83.867 Y84.240 F1800
G1 X83.308 Y83.537 F1800
G1 X82.403 Y83.277 F1800
G1 X81.538 Y83.533 F1800
G1 X81.048 Y84.223 F1800
G0 Z2.000 F900
G0 X88.486 Y85.330 F4500
G0 Z0.000 F900
G1 X88.018 Y86.075 F1800
G1 X87.138 Y86.380 F1800
G1 X86.271 Y86.080 F1800
G1 X85.703 Y85.385 F1800
G1 X85.508 Y84.516 F1800
G1 X85.568 Y83.620 F1800
G1 X86.223 Y82.972 F1800
G1 X87.108 Y82.872 F1800
G1 X87.941 Y83.217 F1800
G1 X88.373 Y83.798 F1800
G0 Z2.000 F900
G0 X88.727 Y86.287 F4500
G0 Z0.000 F900
G1 X88.588 Y85.381 F1800
G1 X88.383 Y84.479 F1800
G1 X88.357 Y83.562 F1800
G1 X88.339 Y82.856 F1800
G0 Z2.000 F900
G0 X90.319 Y86.485 F4500
G0 Z0.000 F900
G1 X91.277 Y86.538 F1800
G1 X92.203 Y86.430 F1800
G1 X93.106 Y86.368 F1800
G1 X93.645 Y86.349 F1800
G0 Z0.400 F900
G0 X91.991 Y86.442 F4500
G0 Z0.000 F900
G1 X91.989 Y85.524 F1800
G1 X91.797 Y84.624 F1800
G1 X91.628 Y83.720 F1800
G1 X91.521 Y82.808 F1800
G1 X91.521 Y82.744 F1800
G0 Z2.000 F900
G0 X94.052 Y86.588 F4500
G0 Z0.000 F900
G1 X93.987 Y85.672 F1800
G1 X93.834 Y84.769 F1800
G1 X93.712 Y83.861 F1800
G1 X93.654 Y82.934 F1800
G1 X94.248 Y83.637 F1800
G1 X94.927 Y84.278 F1800
G1 X95.587 Y84.933 F1800
G1 X96.225 Y85.578 F1800
G1 X96.943 Y86.147 F1800
G1 X97.169 Y86.289 F1800
G1 X97.130 Y85.404 F1800
G1 X97.091 Y84.489 F1800
G1 X96.997 Y83.579 F1800
G1 X96.956 Y82.997 F1800
G0 Z0.400 F900
G0 X97.467 Y82.542 F4500
G0 Z0.000 F900
G1 X98.006 Y83.300 F1800
G1 X98.332 Y84.155 F1800
G1 X98.597 Y85.029 F1800
G1 X98.835 Y85.891 F1800
G1 X99.611 Y85.959 F1800
G1 X100.511 Y86.080 F1800
G1 X100.946 Y85.602 F1800
G1 X100.808 Y84.679 F1800
G1 X100.696 Y83.772 F1800
G1 X100.526 Y82.867 F1800
G1 X100.479 Y82.591 F1800
G0 Z2.000 F900
G0 X105.974 Y85.778 F4500
G0 Z0.000 F900
G1 X105.424 Y86.480 F1800
G1 X104.504 Y86.510 F1800
G1 X103.612 Y86.289 F1800
G1 X103.007 Y85.613 F1800
G1 X102.822 Y84.711 F1800
G1 X103.081 Y83.828 F1800
G1 X103.795 Y83.334 F1800
G1 X104.678 Y83.327 F1800
G1 X105.492 Y83.690 F1800
G1 X105.838 Y84.125 F1800
G0 Z2.000 F900
G0 X105.973 Y86.654 F4500
G0 Z0.000 F900
G1 X105.918 Y85.740 F1800
G1 X105.944 Y84.815 F1800
G1 X105.724 Y83.912 F1800
G1 X105.639 Y83.271 F1800
G0 Z2.000 F900
G0 X110.425 Y86.687 F4500
G0 Z0.000 F900
G1 X110.236 Y85.786 F1800
G1 X110.108 Y84.876 F1800
G1 X109.999 Y83.962 F1800
G1 X110.025 Y83.041 F1800
G1 X110.025 Y83.020 F1800
G0 Z2.000 F900
G0 X110.343 Y86.776 F4500
G0 Z0.000 F900
G1 X111.279 Y86.672 F1800
G1 X112.168 Y86.662 F1800
G1 X112.994 Y86.459 F1800
G1 X113.344 Y85.667 F1800
G1 X112.642 Y85.074 F1800
G1 X111.739 Y84.953 F1800
G1 X110.829 Y84.974 F1800
G1 X110.171 Y84.978 F1800
G0 Z0.400 F900
G0 X110.167 Y85.023 F4500
G0 Z0.000 F900
G1 X111.103 Y84.919 F1800
G1 X111.994 Y84.914 F1800
G1 X112.848 Y84.795 F1800
G1 X113.495 Y84.166 F1800
G1 X113.070 Y83.359 F1800
G1 X112.207 Y83.071 F1800
G1 X111.297 Y83.067 F1800
G1 X110.365 Y83.054 F1800
G1 X109.962 Y83.032 F1800
G0 Z2.000 F900
G0 X117.054 Y85.517 F4500
G0 Z0.000 F900
G1 X116.573 Y86.251 F1800
G1 X115.747 Y86.524 F1800
G1 X114.883 Y86.250 F1800
G1 X114.214 Y85.599 F1800
G1 X113.964 Y84.698 F1800
G1 X114.121 Y83.812 F1800
G1 X114.670 Y83.126 F1800
G1 X115.510 Y82.810 F1800
G1 X116.390 Y83.098 F1800
G1 X116.972 Y83.788 F1800
G1 X116.998 Y83.847 F1800
G0 Z0.400 F900
G0 X117.589 Y84.340 F4500
G0 Z0.000 F900
G1 X118.464 Y84.307 F1800
G1 X119.378 Y84.364 F1800
G1 X120.266 Y84.427 F1800
G1 X120.458 Y85.041 F1800
G1 X120.076 Y85.845 F1800
G1 X119.195 Y86.105 F1800
G1 X118.335 Y85.784 F1800
G1 X117.802 Y85.035 F1800
G1 X117.537 Y84.170 F1800
G1 X117.709 Y83.295 F1800
G1 X118.388 Y82.683 F1800
G1 X119.310 Y82.622 F1800
G1 X120.119 Y83.062 F1800
G1 X120.359 Y83.453 F1800
G0 Z2.000 F900
G0 X118.818 Y87.071 F4500
G0 Z0.000 F900
G1 X118.543 Y86.846 F1800
G1 X118.834 Y87.005 F1800
G0 Z0.400 F900
G0 X120.347 Y87.070 F4500
G0 Z0.000 F900
G1 X120.071 Y86.845 F1800
G1 X120.362 Y87.004 F1800
G0 Z2.000 F900
G0 X126.277 Y86.126 F4500
G0 Z0.000 F900
G1 X126.995 Y86.674 F1800
G1 X127.889 Y86.758 F1800
G1 X128.659 Y86.416 F1800
G1 X129.200 Y85.707 F1800
G1 X129.199 Y84.780 F1800
G1 X128.833 Y83.938 F1800
G1 X128.181 Y83.320 F1800
G1 X127.279 Y83.188 F1800
G1 X126.412 Y83.452 F1800
G1 X126.039 Y83.793 F1800
G0 Z0.400 F900
G0 X127.179 Y84.989 F4500
G0 Z0.000 F900
G1 X128.080 Y85.027 F1800
G1 X128.985 Y84.978 F1800
G1 X129.006 Y84.976 F1800
G0 Z0.400 F900
G0 X130.001 Y86.376 F4500
G0 Z0.000 F900
G1 X130.923 Y86.303 F1800
G1 X131.826 Y86.195 F1800
G1 X132.768 Y86.260 F1800
G1 X133.294 Y86.257 F1800
G0 Z0.400 F900
G0 X131.682 Y86.280 F4500
G0 Z0.000 F900
G1 X131.498 Y85.381 F1800
G1 X131.262 Y84.488 F1800
G1 X131.232 Y83.569 F1800
G1 X131.107 Y82.664 F1800
G1 X131.103 Y82.638 F1800
G0 Z2.000 F900
G0 X134.627 Y86.490 F4500
G0 Z0.000 F900
G1 X133.770 Y86.204 F1800
G1 X133.151 Y85.558 F1800
G1 X132.826 Y84.719 F1800
G1 X132.939 Y83.809 F1800
G1 X133.415 Y83.042 F1800
G1 X134.292 Y82.818 F1800
G1 X135.144 Y83.078 F1800
G1 X135.735 Y83.745 F1800
G1 X136.087 Y84.576 F1800
G1 X136.067 Y85.504 F1800
G1 X135.528 Y86.238 F1800
G1 X134.624 Y86.414 F1800
G0 Z2.000 F900
G0 X19.583 Y76.202 F4500
G0 Z0.000 F900
G1 X19.426 Y75.299 F1800
G1 X19.384 Y74.379 F1800
G1 X19.299 Y73.464 F1800
G1 X19.244 Y72.827 F1800
G0 Z2.000 F900
G0 X19.566 Y76.221 F4500
G0 Z0.000 F900
G1 X20.515 Y76.101 F1800
G1 X21.402 Y76.142 F1800
G1 X22.210 Y75.808 F1800
G1 X22.160 Y74.944 F1800
G1 X21.357 Y74.571 F1800
G1 X20.457 Y74.530 F1800
G1 X19.516 Y74.657 F1800
G1 X19.416 Y74.668 F1800
G0 Z0.400 F900
G0 X19.415 Y74.609 F4500
G0 Z0.000 F900
G1 X20.364 Y74.489 F1800
G1 X21.252 Y74.542 F1800
G1 X22.110 Y74.323 F1800
G1 X22.426 Y73.513 F1800
G1 X21.795 Y72.901 F1800
G1 X20.904 Y72.759 F1800
G1 X19.960 Y72.886 F1800
G1 X19.235 Y72.904 F1800
G0 Z2.000 F900
G0 X31.917 Y76.856 F4500
G0 Z0.000 F900
G1 X31.480 Y77.660 F1800
G1 X30.777 Y78.227 F1800
G1 X29.879 Y78.261 F1800
G1 X29.085 Y77.808 F1800
G1 X28.479 Y77.144 F1800
G1 X28.023 Y76.337 F1800
G1 X27.871 Y75.427 F1800
G1 X27.913 Y74.509 F1800
G1 X28.136 Y73.626 F1800
G1 X28.766 Y72.984 F1800
G1 X29.597 Y72.688 F1800
G1 X30.510 Y72.806 F1800
G1 X31.220 Y73.375 F1800
G1 X31.541 Y74.210 F1800
G1 X31.330 Y74.677 F1800
G1 X30.453 Y74.734 F1800
G1 X30.097 Y74.742 F1800
G0 Z2.000 F900
G0 X33.574 Y74.662 F4500
G0 Z0.000 F900
G1 X34.482 Y74.627 F1800
G1 X35.375 Y74.709 F1800
G1 X35.911 Y74.734 F1800
G0 Z2.000 F900
G0 X40.826 Y74.807 F4500
G0 Z0.000 F900
G1 X40.284 Y75.540 F1800
G1 X39.413 Y75.736 F1800
G1 X38.598 Y75.487 F1800
G1 X37.876 Y74.927 F1800
G1 X37.478 Y74.081 F1800
G1 X37.544 Y73.150 F1800
G1 X38.082 Y72.416 F1800
G1 X38.928 Y72.178 F1800
G1 X39.837 Y72.322 F1800
G1 X40.472 Y72.952 F1800
G1 X40.533 Y73.063 F1800
G0 Z2.000 F900
G0 X42.427 Y75.645 F4500
G0 Z0.000 F900
G1 X41.553 Y75.371 F1800
G1 X40.921 Y74.729 F1800
G1 X40.711 Y73.835 F1800
G1 X40.828 Y72.964 F1800
G1 X41.380 Y72.315 F1800
G1 X42.263 Y72.121 F1800
G1 X43.139 Y72.482 F1800
G1 X43.619 Y73.286 F1800
G1 X43.799 Y74.179 F1800
G1 X43.512 Y75.032 F1800
G1 X42.762 Y75.536 F1800
G1 X42.419 Y75.590 F1800
G0 Z2.000 F900
G0 X48.601 Y77.936 F4500
G0 Z0.000 F900
G1 X48.376 Y77.041 F1800
G1 X48.303 Y76.125 F1800
G1 X48.187 Y75.212 F1800
G1 X48.084 Y74.299 F1800
G1 X47.972 Y73.394 F1800
G1 X47.839 Y72.488 F1800
G1 X47.817 Y72.223 F1800
G0 Z2.000 F900
G0 X48.167 Y74.914 F4500
G0 Z0.000 F900
G1 X47.730 Y75.737 F1800
G1 X46.806 Y75.952 F1800
G1 X45.887 Y75.731 F1800
G1 X45.202 Y75.140 F1800
G1 X44.842 Y74.335 F1800
G1 X44.796 Y73.434 F1800
G1 X45.229 Y72.651 F1800
G1 X46.016 Y72.200 F1800
G1 X46.957 Y72.299 F1800
G1 X47.681 Y72.852 F1800
G1 X47.884 Y73.223 F1800
G0 Z2.000 F900
G0 X49.463 Y74.627 F4500
G0 Z0.000 F900
G1 X50.371 Y74.599 F1800
G1 X51.282 Y74.669 F1800
G1 X52.219 Y74.617 F1800
G1 X52.548 Y75.148 F1800
G1 X52.227 Y75.972 F1800
G1 X51.447 Y76.432 F1800
G1 X50.500 Y76.311 F1800
G1 X49.867 Y75.638 F1800
G1 X49.489 Y74.832 F1800
G1 X49.526 Y73.929 F1800
G1 X49.917 Y73.115 F1800
G1 X50.803 Y72.754 F1800
G1 X51.693 Y72.967 F1800
G1 X52.289 Y73.631 F1800
G1 X52.330 Y73.690 F1800
G0 Z0.400 F900
G0 X53.445 Y72.269 F4500
G0 Z0.000 F900
G1 X53.034 Y72.122 F1800
G1 X53.426 Y72.282 F1800
G0 Z2.000 F900
G0 X20.317 Y56.940 F4500
G0 Z0.000 F900
G1 X20.308 Y56.023 F1800
G1 X20.355 Y55.103 F1800
G1 X20.306 Y54.187 F1800
G1 X20.151 Y53.278 F1800
G1 X20.096 Y52.362 F1800
G1 X20.013 Y51.481 F1800
G0 Z2.000 F900
G0 X24.077 Y57.060 F4500
G0 Z0.000 F900
G1 X23.390 Y56.480 F1800
G1 X22.735 Y55.851 F1800
G1 X22.007 Y55.267 F1800
G1 X21.220 Y54.782 F1800
G1 X20.494 Y54.215 F1800
G1 X20.176 Y54.002 F1800
G0 Z0.400 F900
G0 X21.531 Y54.940 F4500
G0 Z0.000 F900
G1 X22.094 Y54.199 F1800
G1 X22.702 Y53.492 F1800
G1 X23.224 Y52.754 F1800
G1 X23.662 Y51.944 F1800
G1 X23.951 Y51.553 F1800
G0 Z2.000 F900
G0 X28.105 Y54.553 F4500
G0 Z0.000 F900
G1 X27.537 Y55.255 F1800
G1 X26.659 Y55.520 F1800
G1 X25.778 Y55.267 F1800
G1 X25.174 Y54.607 F1800
G1 X24.873 Y53.774 F1800
G1 X24.829 Y52.868 F1800
G1 X25.335 Y52.125 F1800
G1 X26.227 Y51.819 F1800
G1 X27.164 Y51.991 F1800
G1 X27.778 Y52.666 F1800
G1 X27.850 Y52.876 F1800
G0 Z2.000 F900
G0 X28.096 Y55.488 F4500
G0 Z0.000 F900
G1 X28.049 Y54.572 F1800
G1 X27.931 Y53.663 F1800
G1 X27.894 Y52.746 F1800
G1 X27.890 Y51.868 F1800
G0 Z2.000 F900
G0 X31.587 Y55.429 F4500
G0 Z0.000 F900
G1 X31.535 Y54.511 F1800
G1 X31.528 Y53.590 F1800
G1 X31.429 Y52.681 F1800
G1 X31.297 Y51.933 F1800
G0 Z0.400 F900
G0 X31.517 Y53.725 F4500
G0 Z0.000 F900
G1 X30.772 Y54.281 F1800
G1 X30.007 Y54.808 F1800
G1 X29.406 Y55.385 F1800
G0 Z2.000 F900
G0 X31.440 Y53.728 F4500
G0 Z0.000 F900
G1 X30.717 Y53.144 F1800
G1 X30.023 Y52.528 F1800
G1 X29.288 Y52.014 F1800
G1 X29.120 Y51.901 F1800
G0 Z2.000 F900
G0 X31.513 Y53.628 F4500
G0 Z0.000 F900
G1 X32.207 Y54.212 F1800
G1 X32.884 Y54.827 F1800
G1 X33.669 Y55.341 F1800
G1 X33.835 Y55.454 F1800
G0 Z2.000 F900
G0 X31.436 Y53.631 F4500
G0 Z0.000 F900
G1 X32.152 Y53.074 F1800
G1 X32.899 Y52.547 F1800
G1 X33.549 Y51.970 F1800
G0 Z0.400 F900
G0 X35.390 Y51.885 F4500
G0 Z0.000 F900
G1 X36.291 Y51.981 F1800
G1 X37.232 Y51.953 F1800
G1 X38.170 Y51.876 F1800
G1 X38.938 Y51.768 F1800
G0 Z0.400 F900
G0 X38.337 Y51.862 F4500
G0 Z0.000 F900
G1 X38.317 Y52.786 F1800
G1 X38.464 Y53.694 F1800
G1 X38.656 Y54.597 F1800
G1 X38.688 Y55.452 F1800
G1 X37.704 Y55.435 F1800
G1 X36.800 Y55.418 F1800
G1 X36.596 Y54.592 F1800
G1 X36.317 Y53.718 F1800
G1 X35.980 Y52.874 F1800
G1 X35.502 Y52.101 F1800
G1 X35.377 Y51.955 F1800
G0 Z0.400 F900
G0 X35.656 Y51.932 F4500
G0 Z0.000 F900
G1 X35.640 Y51.008 F1800
G1 X35.620 Y50.745 F1800
G0 Z2.000 F900
G0 X38.633 Y51.865 F4500
G0 Z0.000 F900
G1 X38.617 Y50.941 F1800
G1 X38.596 Y50.678 F1800
G0 Z2.000 F900
G0 X43.521 Y54.614 F4500
G0 Z0.000 F900
G1 X42.944 Y55.316 F1800
G1 X42.046 Y55.494 F1800
G1 X41.169 Y55.269 F1800
G1 X40.548 Y54.649 F1800
G1 X40.274 Y53.808 F1800
G1 X40.202 Y52.896 F1800
G1 X40.664 Y52.105 F1800
G1 X41.562 Y51.809 F1800
G1 X42.469 Y52.050 F1800
G1 X43.164 Y52.594 F1800
G1 X43.339 Y52.877 F1800
G0 Z2.000 F900
G0 X43.488 Y55.558 F4500
G0 Z0.000 F900
G1 X43.447 Y54.641 F1800
G1 X43.413 Y53.724 F1800
G1 X43.339 Y52.810 F1800
G1 X43.318 Y51.894 F1800
G0 Z2.000 F900
G0 X48.244 Y51.742 F4500
G0 Z0.000 F900
G1 X48.284 Y52.657 F1800
G1 X48.433 Y53.568 F1800
G1 X48.519 Y54.491 F1800
G1 X48.249 Y55.136 F1800
G1 X47.328 Y55.059 F1800
G1 X46.416 Y54.992 F1800
G1 X45.693 Y54.492 F1800
G1 X45.751 Y53.616 F1800
G1 X46.583 Y53.206 F1800
G1 X47.550 Y53.302 F1800
G1 X48.370 Y53.404 F1800
G0 Z0.400 F900
G0 X47.047 Y53.303 F4500
G0 Z0.000 F900
G1 X46.390 Y52.654 F1800
G1 X45.738 Y52.049 F1800
G1 X45.342 Y51.700 F1800
G0 Z2.000 F900
G0 X56.349 Y57.351 F4500
G0 Z0.000 F900
G1 X55.397 Y57.210 F1800
G1 X54.516 Y57.006 F1800
G1 X53.694 Y56.654 F1800
G1 X53.091 Y55.968 F1800
G1 X52.886 Y55.057 F1800
G1 X52.842 Y54.142 F1800
G1 X52.805 Y53.234 F1800
G1 X53.181 Y52.430 F1800
G1 X53.903 Y51.855 F1800
G1 X54.861 Y51.909 F1800
G1 X55.563 Y52.439 F1800
G1 X55.974 Y53.222 F1800
G1 X56.118 Y54.114 F1800
G1 X55.805 Y54.952 F1800
G1 X55.020 Y55.474 F1800
G1 X54.067 Y55.432 F1800
G1 X53.363 Y54.892 F1800
G1 X52.855 Y54.175 F1800
G1 X52.828 Y54.112 F1800
G0 Z2.000 F900
G0 X55.836 Y54.849 F4500
G0 Z0.000 F900
G1 X56.192 Y53.993 F1800
G1 X56.495 Y53.130 F1800
G1 X56.804 Y52.276 F1800
G1 X57.086 Y51.403 F1800
G1 X57.163 Y51.212 F1800
G0 Z2.000 F900
G0 X59.251 Y54.868 F4500
G0 Z0.000 F900
G1 X58.837 Y54.064 F1800
G1 X58.371 Y53.270 F1800
G1 X57.909 Y52.462 F1800
G1 X57.425 Y51.683 F1800
G1 X56.998 Y50.865 F1800
G1 X56.426 Y50.146 F1800
G1 X55.672 Y49.736 F1800
G1 X55.363 Y49.761 F1800
G0 Z2.000 F900
G0 X59.885 Y54.637 F4500
G0 Z0.000 F900
G1 X59.797 Y53.728 F1800
G1 X59.676 Y52.818 F1800
G1 X59.573 Y51.906 F1800
G1 X59.498 Y51.258 F1800
G0 Z2.000 F900
G0 X62.495 Y54.560 F4500
G0 Z0.000 F900
G1 X61.761 Y54.067 F1800
G1 X60.987 Y53.558 F1800
G1 X60.224 Y53.037 F1800
G1 X59.631 Y52.638 F1800
G0 Z0.400 F900
G0 X60.734 Y53.393 F4500
G0 Z0.000 F900
G1 X61.309 Y52.647 F1800
G1 X61.847 Y51.913 F1800
G1 X62.380 Y51.211 F1800
G0 Z2.000 F900
G0 X64.353 Y54.919 F4500
G0 Z0.000 F900
G1 X64.222 Y54.007 F1800
G1 X64.165 Y53.093 F1800
G1 X64.121 Y52.178 F1800
G1 X64.039 Y51.451 F1800
G0 Z2.000 F900
G0 X64.364 Y54.906 F4500
G0 Z0.000 F900
G1 X65.247 Y54.886 F1800
G1 X66.187 Y54.875 F1800
G1 X67.091 Y54.558 F1800
G1 X67.120 Y53.657 F1800
G1 X66.253 Y53.314 F1800
G1 X65.337 Y53.296 F1800
G1 X64.444 Y53.281 F1800
G1 X64.174 Y53.254 F1800
G0 Z0.400 F900
G0 X64.174 Y53.253 F4500
G0 Z0.000 F900
G1 X65.057 Y53.233 F1800
G1 X65.996 Y53.232 F1800
G1 X66.934 Y53.031 F1800
G1 X67.318 Y52.208 F1800
G1 X66.641 Y51.610 F1800
G1 X65.751 Y51.473 F1800
G1 X64.862 Y51.456 F1800
G1 X63.963 Y51.407 F1800
G0 Z2.000 F900
G0 X71.981 Y54.320 F4500
G0 Z0.000 F900
G1 X71.512 Y55.073 F1800
G1 X70.643 Y55.407 F1800
G1 X69.731 Y55.264 F1800
G1 X69.041 Y54.654 F1800
G1 X68.662 Y53.827 F1800
G1 X68.729 Y52.923 F1800
G1 X69.152 Y52.166 F1800
G1 X69.898 Y51.691 F1800
G1 X70.808 Y51.707 F1800
G1 X71.614 Y52.213 F1800
G1 X71.851 Y52.640 F1800
G0 Z2.000 F900
G0 X72.213 Y55.338 F4500
G0 Z0.000 F900
G1 X72.082 Y54.430 F1800
G1 X71.888 Y53.526 F1800
G1 X71.785 Y52.615 F1800
G1 X71.733 Y51.699 F1800
G1 X71.729 Y51.653 F1800
G0 Z2.000 F900
G0 X76.103 Y55.573 F4500
G0 Z0.000 F900
G1 X75.918 Y54.672 F1800
G1 X75.771 Y53.766 F1800
G1 X75.783 Y52.840 F1800
G1 X75.661 Y52.080 F1800
G0 Z2.000 F900
G0 X76.089 Y55.588 F4500
G0 Z0.000 F900
G1 X77.005 Y55.523 F1800
G1 X77.897 Y55.494 F1800
G1 X78.802 Y55.292 F1800
G1 X78.805 Y54.400 F1800
G1 X77.996 Y53.951 F1800
G1 X77.059 Y53.920 F1800
G1 X76.173 Y53.933 F1800
G1 X75.864 Y53.936 F1800
G0 Z0.400 F900
G0 X75.874 Y53.921 F4500
G0 Z0.000 F900
G1 X76.790 Y53.856 F1800
G1 X77.687 Y53.835 F1800
G1 X78.619 Y53.751 F1800
G1 X78.979 Y52.940 F1800
G1 X78.373 Y52.262 F1800
G1 X77.452 Y52.102 F1800
G1 X76.566 Y52.112 F1800
G1 X75.667 Y52.140 F1800
G1 X75.643 Y52.141 F1800
G0 Z2.000 F900
G0 X80.578 Y55.238 F4500
G0 Z0.000 F900
G1 X81.334 Y55.709 F1800
G1 X82.214 Y55.709 F1800
G1 X82.909 Y55.290 F1800
G1 X82.687 Y54.500 F1800
G1 X81.829 Y54.251 F1800
G1 X81.468 Y54.232 F1800
G0 Z0.400 F900
G0 X81.738 Y54.289 F4500
G0 Z0.000 F900
G1 X82.620 Y54.035 F1800
G1 X82.930 Y53.286 F1800
G1 X82.446 Y52.564 F1800
G1 X81.617 Y52.285 F1800
G1 X80.733 Y52.437 F1800
G1 X80.222 Y53.007 F1800
G0 Z2.000 F900
G0 X87.136 Y52.349 F4500
G0 Z0.000 F900
G1 X87.290 Y53.257 F1800
G1 X87.469 Y54.162 F1800
G1 X87.543 Y55.077 F1800
G1 X87.587 Y55.980 F1800
G1 X86.642 Y55.949 F1800
G1 X85.715 Y55.939 F1800
G1 X84.883 Y55.614 F1800
G1 X84.569 Y54.844 F1800
G1 X85.052 Y54.111 F1800
G1 X85.971 Y53.968 F1800
G1 X86.856 Y53.997 F1800
G1 X87.376 Y54.055 F1800
G0 Z0.400 F900
G0 X86.068 Y53.971 F4500
G0 Z0.000 F900
G1 X85.382 Y53.387 F1800
G1 X84.670 Y52.826 F1800
G1 X84.189 Y52.368 F1800
G0 Z2.000 F900
G0 X88.801 Y55.555 F4500
G0 Z0.000 F900
G1 X89.724 Y55.500 F1800
G1 X90.613 Y55.546 F1800
G1 X91.511 Y55.520 F1800
G1 X91.793 Y55.556 F1800
G0 Z0.400 F900
G0 X90.329 Y55.557 F4500
G0 Z0.000 F900
G1 X90.191 Y54.649 F1800
G1 X90.120 Y53.733 F1800
G1 X89.987 Y52.823 F1800
G1 X90.011 Y52.140 F1800
G0 Z2.000 F900
G0 X96.284 Y54.331 F4500
G0 Z0.000 F900
G1 X95.814 Y55.094 F1800
G1 X94.917 Y55.329 F1800
G1 X94.002 Y55.033 F1800
G1 X93.475 Y54.290 F1800
G1 X93.245 Y53.440 F1800
G1 X93.417 Y52.569 F1800
G1 X94.039 Y51.900 F1800
G1 X94.988 Y51.852 F1800
G1 X95.803 Y52.248 F1800
G1 X96.162 Y52.763 F1800
G0 Z2.000 F900
G0 X96.424 Y55.254 F4500
G0 Z0.000 F900
G1 X96.293 Y54.348 F1800
G1 X96.182 Y53.439 F1800
G1 X96.094 Y52.523 F1800
G1 X96.117 Y51.846 F1800
G0 Z2.000 F900
G0 X99.782 Y55.231 F4500
G0 Z0.000 F900
G1 X99.581 Y54.333 F1800
G1 X99.397 Y53.432 F1800
G1 X99.257 Y52.524 F1800
G1 X99.142 Y51.619 F1800
G1 X99.739 Y52.159 F1800
G1 X100.418 Y52.793 F1800
G1 X101.126 Y53.398 F1800
G1 X101.815 Y53.998 F1800
G1 X102.475 Y54.610 F1800
G1 X102.948 Y54.995 F1800
G1 X102.851 Y54.081 F1800
G1 X102.753 Y53.172 F1800
G1 X102.524 Y52.284 F1800
G1 X102.364 Y51.489 F1800
G0 Z2.000 F900
G0 X104.053 Y55.329 F4500
G0 Z0.000 F900
G1 X104.719 Y55.881 F1800
G1 X105.589 Y55.912 F1800
G1 X106.348 Y55.555 F1800
G1 X106.305 Y54.717 F1800
G1 X105.511 Y54.275 F1800
G1 X104.968 Y54.286 F1800
G0 Z0.400 F900
G0 X105.210 Y54.330 F4500
G0 Z0.000 F900
G1 X106.087 Y54.176 F1800
G1 X106.478 Y53.462 F1800
G1 X106.079 Y52.693 F1800
G1 X105.280 Y52.327 F1800
G1 X104.347 Y52.322 F1800
G1 X103.754 Y53.002 F1800
G1 X103.738 Y53.116 F1800
G0 Z2.000 F900
G0 X20.506 Y45.483 F4500
G0 Z0.000 F900
G1 X20.353 Y44.577 F1800
G1 X20.175 Y43.670 F1800
G1 X20.118 Y42.754 F1800
G1 X20.153 Y41.984 F1800
G0 Z2.000 F900
G0 X23.608 Y45.547 F4500
G0 Z0.000 F900
G1 X23.456 Y44.640 F1800
G1 X23.277 Y43.734 F1800
G1 X23.220 Y42.817 F1800
G1 X23.255 Y42.047 F1800
G0 Z2.000 F900
G0 X20.292 Y43.826 F4500
G0 Z0.000 F900
G1 X21.206 Y43.784 F1800
G1 X22.093 Y43.742 F1800
G1 X23.000 Y43.802 F1800
G1 X23.363 Y43.863 F1800
G0 Z0.400 F900
G0 X25.100 Y43.818 F4500
G0 Z0.000 F900
G1 X26.026 Y43.873 F1800
G1 X26.898 Y44.009 F1800
G1 X27.781 Y44.010 F1800
G1 X27.920 Y44.682 F1800
G1 X27.481 Y45.458 F1800
G1 X26.550 Y45.612 F1800
G1 X25.712 Y45.252 F1800
G1 X25.186 Y44.494 F1800
G1 X25.093 Y43.590 F1800
G1 X25.384 Y42.749 F1800
G1 X26.113 Y42.257 F1800
G1 X27.018 Y42.226 F1800
G1 X27.735 Y42.773 F1800
G1 X27.908 Y43.030 F1800
G0 Z2.000 F900
G0 X31.147 Y44.380 F4500
G0 Z0.000 F900
G1 X30.591 Y45.070 F1800
G1 X29.742 Y45.337 F1800
G1 X28.835 Y45.088 F1800
G1 X28.207 Y44.380 F1800
G1 X28.036 Y43.472 F1800
G1 X28.178 Y42.596 F1800
G1 X28.700 Y41.886 F1800
G1 X29.574 Y41.675 F1800
G1 X30.436 Y41.965 F1800
G1 X31.030 Y42.653 F1800
G1 X31.044 Y42.677 F1800
G0 Z2.000 F900
G0 X32.119 Y45.335 F4500
G0 Z0.000 F900
G1 X32.006 Y44.426 F1800
G1 X32.009 Y43.507 F1800
G1 X31.903 Y42.592 F1800
G1 X31.863 Y41.724 F1800
G0 Z2.000 F900
G0 X34.921 Y45.404 F4500
G0 Z0.000 F900
G1 X34.174 Y44.915 F1800
G1 X33.483 Y44.306 F1800
G1 X32.713 Y43.756 F1800
G1 X32.002 Y43.190 F1800
G1 X31.974 Y43.163 F1800
G0 Z0.400 F900
G0 X33.062 Y43.993 F4500
G0 Z0.000 F900
G1 X33.622 Y43.239 F1800
G1 X34.262 Y42.581 F1800
G1 X34.811 Y41.877 F1800
G1 X34.881 Y41.782 F1800
G0 Z2.000 F900
G0 X37.475 Y45.644 F4500
G0 Z0.000 F900
G1 X36.613 Y45.411 F1800
G1 X35.947 Y44.774 F1800
G1 X35.697 Y43.887 F1800
G1 X35.757 Y42.995 F1800
G1 X36.222 Y42.244 F1800
G1 X37.062 Y41.858 F1800
G1 X37.981 Y42.120 F1800
G1 X38.614 Y42.777 F1800
G1 X38.881 Y43.619 F1800
G1 X38.906 Y44.527 F1800
G1 X38.455 Y45.339 F1800
G1 X37.554 Y45.630 F1800
G1 X37.449 Y45.619 F1800
G0 Z2.000 F900
G0 X40.654 Y41.921 F4500
G0 Z0.000 F900
G1 X41.150 Y42.663 F1800
G1 X41.543 Y43.499 F1800
G1 X41.706 Y44.403 F1800
G1 X41.926 Y45.304 F1800
G1 X42.561 Y45.603 F1800
G1 X43.475 Y45.602 F1800
G1 X44.220 Y45.552 F1800
G1 X44.184 Y44.653 F1800
G1 X44.102 Y43.742 F1800
G1 X44.025 Y42.831 F1800
G1 X43.926 Y41.984 F1800
G0 Z2.000 F900
G0 X45.188 Y45.995 F4500
G0 Z0.000 F900
G1 X45.121 Y45.082 F1800
G1 X44.944 Y44.174 F1800
G1 X44.948 Y43.253 F1800
G1 X44.957 Y42.374 F1800
G1 X45.815 Y42.365 F1800
G1 X46.744 Y42.352 F1800
G1 X47.621 Y42.587 F1800
G1 X48.105 Y43.330 F1800
G1 X47.668 Y44.135 F1800
G1 X46.768 Y44.240 F1800
G1 X45.873 Y44.222 F1800
G1 X45.047 Y44.249 F1800
G0 Z2.000 F900
G0 X49.969 Y45.317 F4500
G0 Z0.000 F900
G1 X49.948 Y44.396 F1800
G1 X49.897 Y43.484 F1800
G1 X49.718 Y42.580 F1800
G1 X49.538 Y41.860 F1800
G0 Z2.000 F900
G0 X52.665 Y45.412 F4500
G0 Z0.000 F900
G1 X51.970 Y44.798 F1800
G1 X51.279 Y44.252 F1800
G1 X50.487 Y43.761 F1800
G1 X49.722 Y43.313 F1800
G0 Z0.400 F900
G0 X50.834 Y44.011 F4500
G0 Z0.000 F900
G1 X51.465 Y43.350 F1800
G1 X52.085 Y42.636 F1800
G1 X52.566 Y41.924 F1800
G0 Z2.000 F900
G0 X53.598 Y45.540 F4500
G0 Z0.000 F900
G1 X53.434 Y44.635 F1800
G1 X53.368 Y43.719 F1800
G1 X53.246 Y42.808 F1800
G1 X53.283 Y42.314 F1800
G1 X53.953 Y42.923 F1800
G1 X54.662 Y43.535 F1800
G1 X55.270 Y44.183 F1800
G1 X55.957 Y44.783 F1800
G1 X56.591 Y45.420 F1800
G1 X56.560 Y44.703 F1800
G1 X56.481 Y43.789 F1800
G1 X56.393 Y42.876 F1800
G1 X56.184 Y42.100 F1800
G0 Z2.000 F900
G0 X57.888 Y45.479 F4500
G0 Z0.000 F900
G1 X58.499 Y44.799 F1800
G1 X59.086 Y44.098 F1800
G1 X59.725 Y43.428 F1800
G1 X60.271 Y42.688 F1800
G1 X60.784 Y41.963 F1800
G0 Z2.000 F900
G0 X57.701 Y41.930 F4500
G0 Z0.000 F900
G1 X58.294 Y42.624 F1800
G1 X58.916 Y43.296 F1800
G1 X59.515 Y44.000 F1800
G1 X60.185 Y44.630 F1800
G1 X60.906 Y45.236 F1800
G1 X61.139 Y45.523 F1800
G0 Z2.000 F900
G0 X64.786 Y45.920 F4500
G0 Z0.000 F900
G1 X64.795 Y45.001 F1800
G1 X64.802 Y44.084 F1800
G1 X64.747 Y43.168 F1800
G1 X64.635 Y42.429 F1800
G0 Z2.000 F900
G0 X67.879 Y45.970 F4500
G0 Z0.000 F900
G1 X67.888 Y45.051 F1800
G1 X67.895 Y44.133 F1800
G1 X67.840 Y43.218 F1800
G1 X67.728 Y42.479 F1800
G0 Z2.000 F900
G0 X64.757 Y44.121 F4500
G0 Z0.000 F900
G1 X65.674 Y44.208 F1800
G1 X66.620 Y44.264 F1800
G1 X67.525 Y44.299 F1800
G1 X67.856 Y44.286 F1800
G0 Z2.000 F900
G0 X71.775 Y45.113 F4500
G0 Z0.000 F900
G1 X71.312 Y45.870 F1800
G1 X70.391 Y46.065 F1800
G1 X69.494 Y45.845 F1800
G1 X68.866 Y45.165 F1800
G1 X68.659 Y44.292 F1800
G1 X68.766 Y43.417 F1800
G1 X69.374 Y42.742 F1800
G1 X70.262 Y42.498 F1800
G1 X71.097 Y42.846 F1800
G1 X71.580 Y43.514 F1800
G0 Z2.000 F900
G0 X71.880 Y46.040 F4500
G0 Z0.000 F900
G1 X71.780 Y45.133 F1800
G1 X71.682 Y44.219 F1800
G1 X71.558 Y43.310 F1800
G1 X71.503 Y42.568 F1800
G0 Z2.000 F900
G0 X73.322 Y45.350 F4500
G0 Z0.000 F900
G1 X73.318 Y44.432 F1800
G1 X73.275 Y43.533 F1800
G1 X74.070 Y43.172 F1800
G1 X74.973 Y43.133 F1800
G1 X75.857 Y43.064 F1800
G1 X76.082 Y43.085 F1800
G0 Z2.000 F900
G0 X76.248 Y45.402 F4500
G0 Z0.000 F900
G1 X76.244 Y44.481 F1800
G1 X76.144 Y43.571 F1800
G1 X76.119 Y42.656 F1800
G1 X76.034 Y41.929 F1800
G0 Z2.000 F900
G0 X77.010 Y44.052 F4500
G0 Z0.000 F900
G1 X77.938 Y44.050 F1800
G1 X78.846 Y44.153 F1800
G1 X79.713 Y44.173 F1800
G1 X79.996 Y44.759 F1800
G1 X79.574 Y45.528 F1800
G1 X78.769 Y45.862 F1800
G1 X77.872 Y45.668 F1800
G1 X77.255 Y44.952 F1800
G1 X77.050 Y44.071 F1800
G1 X77.128 Y43.198 F1800
G1 X77.625 Y42.442 F1800
G1 X78.536 Y42.288 F1800
G1 X79.391 Y42.667 F1800
G1 X79.890 Y43.192 F1800
G0 Z2.000 F900
G0 X80.863 Y45.612 F4500
G0 Z0.000 F900
G1 X80.696 Y44.707 F1800
G1 X80.619 Y43.793 F1800
G1 X80.520 Y42.886 F1800
G1 X80.477 Y41.967 F1800
G1 X80.353 Y41.056 F1800
G1 X80.272 Y40.565 F1800
G0 Z2.000 F900
G0 X80.788 Y44.660 F4500
G0 Z0.000 F900
G1 X81.391 Y45.295 F1800
G1 X82.239 Y45.568 F1800
G1 X83.136 Y45.343 F1800
G1 X83.754 Y44.686 F1800
G1 X83.820 Y43.756 F1800
G1 X83.450 Y42.905 F1800
G1 X82.733 Y42.352 F1800
G1 X81.889 Y42.109 F1800
G1 X81.062 Y42.394 F1800
G1 X80.568 Y43.047 F1800
G0 Z2.000 F900
G0 X85.344 Y46.206 F4500
G0 Z0.000 F900
G1 X86.282 Y46.247 F1800
G1 X87.209 Y46.237 F1800
G1 X88.132 Y46.182 F1800
G1 X88.644 Y46.150 F1800
G0 Z0.400 F900
G0 X86.990 Y46.209 F4500
G0 Z0.000 F900
G1 X86.969 Y45.292 F1800
G1 X86.885 Y44.380 F1800
G1 X86.753 Y43.472 F1800
G1 X86.664 Y42.560 F1800
G1 X86.664 Y42.549 F1800
G0 Z2.000 F900
G0 X92.810 Y44.937 F4500
G0 Z0.000 F900
G1 X92.249 Y45.636 F1800
G1 X91.371 Y45.817 F1800
G1 X90.552 Y45.575 F1800
G1 X89.884 Y44.965 F1800
G1 X89.543 Y44.103 F1800
G1 X89.654 Y43.182 F1800
G1 X90.317 Y42.596 F1800
G1 X91.121 Y42.359 F1800
G1 X92.019 Y42.586 F1800
G1 X92.626 Y43.274 F1800
G0 Z2.000 F900
G0 X92.902 Y45.868 F4500
G0 Z0.000 F900
G1 X92.806 Y44.955 F1800
G1 X92.705 Y44.043 F1800
G1 X92.624 Y43.134 F1800
G1 X92.493 Y42.355 F1800
G0 Z2.000 F900
G0 X94.274 Y45.748 F4500
G0 Z0.000 F900
G1 X94.225 Y44.832 F1800
G1 X94.132 Y43.920 F1800
G1 X93.960 Y43.013 F1800
G1 X93.941 Y42.146 F1800
G0 Z2.000 F900
G0 X97.478 Y45.781 F4500
G0 Z0.000 F900
G1 X97.428 Y44.864 F1800
G1 X97.335 Y43.952 F1800
G1 X97.163 Y43.045 F1800
G1 X97.144 Y42.178 F1800
G0 Z2.000 F900
G0 X94.127 Y43.994 F4500
G0 Z0.000 F900
G1 X95.032 Y44.037 F1800
G1 X95.952 Y44.023 F1800
G1 X96.856 Y43.945 F1800
G1 X97.322 Y43.954 F1800
G0 Z0.400 F900
G0 X98.385 Y45.581 F4500
G0 Z0.000 F900
G1 X98.273 Y44.673 F1800
G1 X98.157 Y43.765 F1800
G1 X98.211 Y42.845 F1800
G1 X98.238 Y42.412 F1800
G1 X98.858 Y43.044 F1800
G1 X99.543 Y43.651 F1800
G1 X100.176 Y44.327 F1800
G1 X100.855 Y44.952 F1800
G1 X101.442 Y45.580 F1800
G1 X101.388 Y44.647 F1800
G1 X101.226 Y43.740 F1800
G1 X101.101 Y42.833 F1800
G1 X101.092 Y42.214 F1800
G0 Z2.000 F900
G0 X101.824 Y46.027 F4500
G0 Z0.000 F900
G1 X101.694 Y45.114 F1800
G1 X101.521 Y44.206 F1800
G1 X101.538 Y43.288 F1800
G1 X101.534 Y42.420 F1800
G1 X102.074 Y43.008 F1800
G1 X102.791 Y43.601 F1800
G1 X103.384 Y44.288 F1800
G1 X103.969 Y44.962 F1800
G1 X104.585 Y45.666 F1800
G1 X105.028 Y45.776 F1800
G1 X104.990 Y44.848 F1800
G1 X104.864 Y43.937 F1800
G1 X104.796 Y43.024 F1800
G1 X104.799 Y42.378 F1800
G0 Z2.000 F900
G0 X102.485 Y47.729 F4500
G0 Z0.000 F900
G1 X103.065 Y47.114 F1800
G1 X103.973 Y47.075 F1800
G1 X104.593 Y47.678 F1800
G0 Z2.000 F900
G0 X106.659 Y43.011 F4500
G0 Z0.000 F900
G1 X106.382 Y42.123 F1800
G1 X105.817 Y41.486 F1800
G0 Z2.000 F900
G0 X20.689 Y32.063 F4500
G0 Z0.000 F900
G1 X20.868 Y32.960 F1800
G1 X20.952 Y33.873 F1800
G1 X21.127 Y34.771 F1800
G1 X21.422 Y35.451 F1800
G1 X22.294 Y35.536 F1800
G1 X23.201 Y35.549 F1800
G1 X24.113 Y35.508 F1800
G1 X24.152 Y34.717 F1800
G1 X24.011 Y33.809 F1800
G1 X23.866 Y32.905 F1800
G1 X23.803 Y32.032 F1800
G0 Z2.000 F900
G0 X26.418 Y35.496 F4500
G0 Z0.000 F900
G1 X25.520 Y35.323 F1800
G1 X24.861 Y34.667 F1800
G1 X24.637 Y33.779 F1800
G1 X24.679 Y32.898 F1800
G1 X25.109 Y32.128 F1800
G1 X25.986 Y31.732 F1800
G1 X26.893 Y32.007 F1800
G1 X27.487 Y32.675 F1800
G1 X27.805 Y33.501 F1800
G1 X27.774 Y34.400 F1800
G1 X27.332 Y35.186 F1800
G1 X26.519 Y35.554 F1800
G1 X26.424 Y35.561 F1800
G0 Z2.000 F900
G0 X29.541 Y34.271 F4500
G0 Z0.000 F900
G1 X30.272 Y34.776 F1800
G1 X31.118 Y34.948 F1800
G1 X31.975 Y34.591 F1800
G1 X32.466 Y33.802 F1800
G1 X32.363 Y32.869 F1800
G1 X31.882 Y32.106 F1800
G1 X31.180 Y31.530 F1800
G1 X30.291 Y31.459 F1800
G1 X29.483 Y31.758 F1800
G1 X29.253 Y31.974 F1800
G0 Z0.400 F900
G0 X30.387 Y33.138 F4500
G0 Z0.000 F900
G1 X31.297 Y33.141 F1800
G1 X32.156 Y33.204 F1800
G0 Z0.400 F900
G0 X32.982 Y34.942 F4500
G0 Z0.000 F900
G1 X33.885 Y34.900 F1800
G1 X34.832 Y34.911 F1800
G1 X35.762 Y34.957 F1800
G1 X36.008 Y34.984 F1800
G0 Z0.400 F900
G0 X34.483 Y34.957 F4500
G0 Z0.000 F900
G1 X34.327 Y34.050 F1800
G1 X34.270 Y33.138 F1800
G1 X34.229 Y32.222 F1800
G1 X34.213 Y31.566 F1800
G0 Z2.000 F900
G0 X38.831 Y34.941 F4500
G0 Z0.000 F900
G1 X37.929 Y34.682 F1800
G1 X37.322 Y33.973 F1800
G1 X37.089 Y33.093 F1800
G1 X37.296 Y32.217 F1800
G1 X37.917 Y31.640 F1800
G1 X38.796 Y31.453 F1800
G1 X39.581 Y31.903 F1800
G1 X40.080 Y32.679 F1800
G1 X40.200 Y33.596 F1800
G1 X39.873 Y34.426 F1800
G1 X39.073 Y34.808 F1800
G1 X38.828 Y34.826 F1800
G0 Z2.000 F900
G0 X40.179 Y31.216 F4500
G0 Z0.000 F900
G1 X40.262 Y32.133 F1800
G1 X40.393 Y33.041 F1800
G1 X40.592 Y33.937 F1800
G1 X40.645 Y34.706 F1800
G1 X41.097 Y33.973 F1800
G1 X41.694 Y33.234 F1800
G1 X42.083 Y32.427 F1800
G1 X42.556 Y32.289 F1800
G1 X43.221 Y32.919 F1800
G1 X43.775 Y33.652 F1800
G1 X44.350 Y34.388 F1800
G1 X44.638 Y34.249 F1800
G1 X44.551 Y33.328 F1800
G1 X44.348 Y32.429 F1800
G1 X44.211 Y31.518 F1800
G1 X44.144 Y31.116 F1800
G0 Z2.000 F900
G0 X46.916 Y34.593 F4500
G0 Z0.000 F900
G1 X47.177 Y33.726 F1800
G1 X47.547 Y32.884 F1800
G1 X47.818 Y32.002 F1800
G1 X48.172 Y31.179 F1800
G0 Z2.000 F900
G0 X50.144 Y34.642 F4500
G0 Z0.000 F900
G1 X49.641 Y33.853 F1800
G1 X49.238 Y33.022 F1800
G1 X48.748 Y32.258 F1800
G1 X48.343 Y31.442 F1800
G1 X47.805 Y30.692 F1800
G1 X47.221 Y30.024 F1800
G1 X46.386 Y29.744 F1800
G1 X46.371 Y29.744 F1800
G0 Z2.000 F900
G0 X53.004 Y31.805 F4500
G0 Z0.000 F900
G1 X53.946 Y31.763 F1800
G1 X54.830 Y31.673 F1800
G1 X55.730 Y31.690 F1800
G1 X56.441 Y31.610 F1800
G0 Z0.400 F900
G0 X55.784 Y31.689 F4500
G0 Z0.000 F900
G1 X55.926 Y32.599 F1800
G1 X56.058 Y33.504 F1800
G1 X56.098 Y34.419 F1800
G1 X56.020 Y35.194 F1800
G1 X55.079 Y35.213 F1800
G1 X54.195 Y35.140 F1800
G1 X54.132 Y34.234 F1800
G1 X53.865 Y33.356 F1800
G1 X53.505 Y32.499 F1800
G1 X52.968 Y31.744 F1800
G0 Z0.400 F900
G0 X53.375 Y31.726 F4500
G0 Z0.000 F900
G1 X53.286 Y30.817 F1800
G1 X53.236 Y30.579 F1800
G0 Z2.000 F900
G0 X56.299 Y31.669 F4500
G0 Z0.000 F900
G1 X56.209 Y30.759 F1800
G1 X56.159 Y30.521 F1800
G0 Z2.000 F900
G0 X58.864 Y35.173 F4500
G0 Z0.000 F900
G1 X58.767 Y34.262 F1800
G1 X58.600 Y33.364 F1800
G1 X58.420 Y32.464 F1800
G1 X58.292 Y31.558 F1800
G1 X58.284 Y31.499 F1800
G0 Z2.000 F900
G0 X58.859 Y35.179 F4500
G0 Z0.000 F900
G1 X59.788 Y35.192 F1800
G1 X60.726 Y35.118 F1800
G1 X61.568 Y34.842 F1800
G1 X61.799 Y34.070 F1800
G1 X61.137 Y33.493 F1800
G1 X60.217 Y33.297 F1800
G1 X59.285 Y33.384 F1800
G1 X58.612 Y33.483 F1800
G0 Z0.400 F900
G0 X58.578 Y33.421 F4500
G0 Z0.000 F900
G1 X59.507 Y33.434 F1800
G1 X60.445 Y33.365 F1800
G1 X61.320 Y33.170 F1800
G1 X61.848 Y32.522 F1800
G1 X61.453 Y31.751 F1800
G1 X60.584 Y31.391 F1800
G1 X59.643 Y31.448 F1800
G1 X58.774 Y31.558 F1800
G1 X58.326 Y31.560 F1800
G0 Z2.000 F900
G0 X62.224 Y33.915 F4500
G0 Z0.000 F900
G1 X63.135 Y34.021 F1800
G1 X64.045 Y34.014 F1800
G1 X64.943 Y33.974 F1800
G1 X65.335 Y34.537 F1800
G1 X64.947 Y35.388 F1800
G1 X64.095 Y35.716 F1800
G1 X63.219 Y35.456 F1800
G1 X62.526 Y34.879 F1800
G1 X62.228 Y34.039 F1800
G1 X62.241 Y33.120 F1800
G1 X62.758 Y32.366 F1800
G1 X63.637 Y32.111 F1800
G1 X64.494 Y32.365 F1800
G1 X65.091 Y33.028 F1800
G0 Z2.000 F900
G0 X71.816 Y34.211 F4500
G0 Z0.000 F900
G1 X71.298 Y34.914 F1800
G1 X70.473 Y35.197 F1800
G1 X69.580 Y35.007 F1800
G1 X68.924 Y34.322 F1800
G1 X68.621 Y33.453 F1800
G1 X68.764 Y32.541 F1800
G1 X69.311 Y31.846 F1800
G1 X70.133 Y31.560 F1800
G1 X71.049 Y31.689 F1800
G1 X71.709 Y32.298 F1800
G1 X71.782 Y32.490 F1800
G0 Z2.000 F900
G0 X74.935 Y35.922 F4500
G0 Z0.000 F900
G1 X74.055 Y35.633 F1800
G1 X73.492 Y34.911 F1800
G1 X73.245 Y34.056 F1800
G1 X73.357 Y33.167 F1800
G1 X73.940 Y32.431 F1800
G1 X74.859 Y32.342 F1800
G1 X75.626 Y32.759 F1800
G1 X76.105 Y33.512 F1800
G1 X76.353 Y34.387 F1800
G1 X76.090 Y35.268 F1800
G1 X75.337 Y35.797 F1800
G1 X74.941 Y35.861 F1800
G0 Z2.000 F900
G0 X81.023 Y34.225 F4500
G0 Z0.000 F900
G1 X80.534 Y34.935 F1800
G1 X79.650 Y35.167 F1800
G1 X78.765 Y34.832 F1800
G1 X78.233 Y34.081 F1800
G1 X78.093 Y33.178 F1800
G1 X78.401 Y32.330 F1800
G1 X79.099 Y31.834 F1800
G1 X79.981 Y31.879 F1800
G1 X80.763 Y32.328 F1800
G1 X80.955 Y32.627 F1800
G0 Z0.400 F900
G0 X82.272 Y33.870 F4500
G0 Z0.000 F900
G1 X83.178 Y33.807 F1800
G1 X84.116 Y33.816 F1800
G1 X85.009 Y33.874 F1800
G1 X85.191 Y34.485 F1800
G1 X84.800 Y35.234 F1800
G1 X83.984 Y35.624 F1800
G1 X83.082 Y35.367 F1800
G1 X82.514 Y34.656 F1800
G1 X82.345 Y33.767 F1800
G1 X82.375 Y32.883 F1800
G1 X82.935 Y32.204 F1800
G1 X83.837 Y32.061 F1800
G1 X84.659 Y32.439 F1800
G1 X85.081 Y32.917 F1800
G0 Z0.400 F900
G0 X85.755 Y32.180 F4500
G0 Z0.000 F900
G1 X86.657 Y32.213 F1800
G1 X87.554 Y32.202 F1800
G1 X88.471 Y32.119 F1800
G1 X89.364 Y32.087 F1800
G0 Z0.400 F900
G0 X88.707 Y32.165 F4500
G0 Z0.000 F900
G1 X88.729 Y33.082 F1800
G1 X88.788 Y33.995 F1800
G1 X88.941 Y34.904 F1800
G1 X89.001 Y35.823 F1800
G1 X88.030 Y35.737 F1800
G1 X87.086 Y35.769 F1800
G1 X86.874 Y35.041 F1800
G1 X86.649 Y34.152 F1800
G1 X86.286 Y33.311 F1800
G1 X85.911 Y32.501 F1800
G1 X85.749 Y32.181 F1800
G0 Z0.400 F900
G0 X86.087 Y32.167 F4500
G0 Z0.000 F900
G1 X86.037 Y31.250 F1800
G1 X86.008 Y30.963 F1800
G0 Z2.000 F900
G0 X89.131 Y32.163 F4500
G0 Z0.000 F900
G1 X89.080 Y31.246 F1800
G1 X89.052 Y30.959 F1800
G0 Z2.000 F900
G0 X90.522 Y35.809 F4500
G0 Z0.000 F900
G1 X90.466 Y34.896 F1800
G1 X90.334 Y33.988 F1800
G1 X90.236 Y33.078 F1800
G1 X90.135 Y32.359 F1800
G0 Z2.000 F900
G0 X93.592 Y35.818 F4500
G0 Z0.000 F900
G1 X93.537 Y34.904 F1800
G1 X93.404 Y33.996 F1800
G1 X93.307 Y33.086 F1800
G1 X93.206 Y32.367 F1800
G0 Z2.000 F900
G0 X90.308 Y34.135 F4500
G0 Z0.000 F900
G1 X91.249 Y34.166 F1800
G1 X92.163 Y34.146 F1800
G1 X93.092 Y34.147 F1800
G1 X93.429 Y34.138 F1800
G0 Z2.000 F900
G0 X95.172 Y35.281 F4500
G0 Z0.000 F900
G1 X95.085 Y34.369 F1800
G1 X94.988 Y33.452 F1800
G1 X94.843 Y32.544 F1800
G1 X94.686 Y31.706 F1800
G1 X95.382 Y32.303 F1800
G1 X96.052 Y32.935 F1800
G1 X96.757 Y33.534 F1800
G1 X97.380 Y34.230 F1800
G1 X98.016 Y34.881 F1800
G1 X98.395 Y34.781 F1800
G1 X98.157 Y33.877 F1800
G1 X98.035 Y32.971 F1800
G1 X97.963 Y32.058 F1800
G1 X97.909 Y31.574 F1800
G0 Z2.000 F900
G0 X99.353 Y33.433 F4500
G0 Z0.000 F900
G1 X100.233 Y33.474 F1800
G1 X101.154 Y33.541 F1800
G1 X102.063 Y33.572 F1800
G1 X102.528 Y33.979 F1800
G1 X102.278 Y34.872 F1800
G1 X101.456 Y35.294 F1800
G1 X100.550 Y35.160 F1800
G1 X99.813 Y34.621 F1800
G1 X99.372 Y33.842 F1800
G1 X99.313 Y32.925 F1800
G1 X99.655 Y32.070 F1800
G1 X100.477 Y31.672 F1800
G1 X101.390 Y31.741 F1800
G1 X102.074 Y32.273 F1800
G1 X102.284 Y32.530 F1800
G0 Z2.000 F900
G0 X107.724 Y35.821 F4500
G0 Z0.000 F900
G1 X106.992 Y35.245 F1800
G1 X106.413 Y34.557 F1800
G1 X106.528 Y33.919 F1800
G1 X107.102 Y33.202 F1800
G1 X107.407 Y32.768 F1800
G0 Z2.000 F900
G0 X109.473 Y35.760 F4500
G0 Z0.000 F900
G1 X108.742 Y35.184 F1800
G1 X108.162 Y34.496 F1800
G1 X108.278 Y33.858 F1800
G1 X108.851 Y33.142 F1800
G1 X109.156 Y32.707 F1800
G0 Z2.000 F900
G0 X112.317 Y35.515 F4500
G0 Z0.000 F900
G1 X111.498 Y35.248 F1800
G1 X110.829 Y34.618 F1800
G1 X110.543 Y33.757 F1800
G1 X110.618 Y32.841 F1800
G1 X111.266 Y32.161 F1800
G1 X112.185 Y32.080 F1800
G1 X112.932 Y32.547 F1800
G1 X113.443 Y33.255 F1800
G1 X113.660 Y34.138 F1800
G1 X113.433 Y35.039 F1800
G1 X112.639 Y35.491 F1800
G1 X112.335 Y35.513 F1800
G0 Z2.000 F900
G0 X115.354 Y35.410 F4500
G0 Z0.000 F900
G1 X115.879 Y34.690 F1800
G1 X116.435 Y33.995 F1800
G1 X115.962 Y33.396 F1800
G1 X115.383 Y32.692 F1800
G1 X114.962 Y32.323 F1800
G0 Z2.000 F900
G0 X117.112 Y35.410 F4500
G0 Z0.000 F900
G1 X117.637 Y34.690 F1800
G1 X118.192 Y33.995 F1800
G1 X117.720 Y33.396 F1800
G1 X117.141 Y32.692 F1800
G1 X116.720 Y32.322 F1800
G0 Z2.000 F900
G0 X5.0 Y210.0 F4500
M300 S880 P160
M84          ; моторы отключены
; готово
